paper,kind,value,url,context
2020-alam-non-small-cell-lung-cancer,DOI,10.35940/ijeat.E9266.069520,https://doi.org/10.35940/ijeat.E9266.069520,…Published By: Blue Eyes Intelligence Engineering & Sciences Publication © Copyright: All rights reserved. Retrieval Number: E9266069520/2020©BEIESP DOI: 10.35940/ijeat.E9266.069520 Journal Website: www.ijeat.orgAbstract: Lung cancer is the overgrowth of cells in digestive organs. Identifying different types of lung cancer (squamous cell…
2020-alam-non-small-cell-lung-cancer,DOI,10.1016/j.csbj.2018.01.0012,https://doi.org/10.1016/j.csbj.2018.01.0012,"…hine Learning Methods for Histopathological Image Analysis”, “Computational and Structural Biotechnology Journal” 16 (2018) 34–42, DOI: https://doi.org/10.1016/j.csbj.2018.01.0012. Vaishnavi. D, Arya. K. S ,Devi Abirami. T, M. N. Kavitha, 2019. “Lung Cancer Detection using Machine Learning. International Journal of Engineering Research…"
2020-alam-non-small-cell-lung-cancer,DOI,10.1504/ijim.2015.070024.16,https://doi.org/10.1504/ijim.2015.070024.16,"…., Chakraborty, S., Salem, M.A.M., Dey, N., 2015. “Principal component analysis in medical image processing: a study” J. image Min Int https://doi.org/10.1504/ijim.2015.070024.16. Paygude, S., Vyas, V., 2019. “Unified dynamic texture segmentation system based on local and global spatiotemporal techniques” J. Reason. Intell. Syst Int. h…"
2020-alam-non-small-cell-lung-cancer,DOI,10.1109/FSKD.2018.8687220,https://doi.org/10.1109/FSKD.2018.8687220,"…d on mutual information, in: ICNC-FSKD 2018 — 14th International Conference on Natural Computation, Fuzzy Systems and Knowledge Discovery. https://doi.org/ 10.1109/FSKD.2018.8687220. 19. A. D. Belsare and M. M. Mushrif, ""Histopathological Image analysis using image processing techniques: an overview"", Signal & Image Processing : An Inter…"
2020-alam-non-small-cell-lung-cancer,DOI,10.5121/sipij.2012.3403,https://doi.org/10.5121/sipij.2012.3403,"…Image analysis using image processing techniques: an overview"", Signal & Image Processing : An International Journal (SIPIJ), Vol.3, No.4, August 2012. DOI: 10.5121/sipij.2012.3403 20. Daisuke Komura, Shumpei Ishikawa, ""Machine Learning Methods for Histopathological Image Analysis"",Computational and Structural Biotechnology Journal 1…"
2020-alam-non-small-cell-lung-cancer,DOI,10.1016/j.csbj.2018.01.001.AUTHORS,https://doi.org/10.1016/j.csbj.2018.01.001.AUTHORS,"…shikawa, ""Machine Learning Methods for Histopathological Image Analysis"",Computational and Structural Biotechnology Journal 16,2018. DOI: https://doi.org/10.1016/j.csbj.2018.01.001.AUTHORS PROFILE Md. Nur-A-Alam is an academic researcher in the Department of Computer Science and Engineering, Dhaka International University. He completed his B…"
2020-alam-non-small-cell-lung-cancer,url,https://doi.org/,https://doi.org/,"…pervised dimension reduction: a survey. Mach. Learn. Knowl. Extr. 1, 341—358. https://doi.org/ 10.33901make1010020. 13. Hamdi, M., 2012. “A comparative study in wavelets, cu…"
2020-alam-non-small-cell-lung-cancer,url,https://doi.org/10.1109/,https://doi.org/10.1109/,"…ic video using color wavelet features” Inf. Technol. Biomed IEEE Trans. https://doi.org/10.1109/ TITB.2003.813794. 15. Nandi, D., Ashour, A.S., Samanta, S., Chakraborty, S., S…"
2020-alam-non-small-cell-lung-cancer,url,https://doi.org/l,https://doi.org/l,"…al-time gastric polyp detection using convolutional neural networks” PLoS one. https://doi.org/l O. 1371 Ijournal.pone.0214133.005. 18. Zhang, Y., Ma, Y., Yang, X., 2019. Mul…"
2020-uddin-performance-comparison-of-ieee80211a-ieee80211b,DOI,10.38177/ajast.2020.4406Copyright:,https://doi.org/10.38177/ajast.2020.4406Copyright:,"…Associate Professor, Department of Computer Science and Engineering and Engineering, Dhaka International University, Dhaka, Bangladesh. DOI: http://doi.org/10.38177/ajast.2020.4406Copyright: ©2020 Khandaker MMU et al. This is an open access article distributed under the terms of the Creative Commons Attribution License, which permits unrestricted…"
2020-uddin-performance-comparison-of-ieee80211a-ieee80211b,url,http://doi.org/10.38177/ajast.2020.4406Copyright:,http://doi.org/10.38177/ajast.2020.4406Copyright:,"…ing and Engineering, Dhaka International University, Dhaka, Bangladesh. DOI: http://doi.org/10.38177/ajast.2020.4406Copyright: ©2020 Khandaker MMU et al. This is an open access article distributed under the…"
2021-uddin-carryit-design-and-implementation-of,DOI,10.5815/ijeme.2021.03.03,https://doi.org/10.5815/ijeme.2021.03.03,"I. J. Education and Management Engineering, 2021, 3, 20-30 Published Online June 2021 in MECS (http://www.mecs-press.org/)DOI: 10.5815/ijeme.2021.03.03 This work is open access and licensed under the Creative Commons CC BY 4.0 License. Volume 11 (2021), Issue 3 CarryIT: Design and…"
2022-dey-prediction-of-dengue-incidents-using,DOI,10.1371/journal.pone.0270933July,https://doi.org/10.1371/journal.pone.0270933July,"…this data-driven analysis show that machine learn- ing algorithms have enormous potential for predicting dengue epidemics. PLOS ONE PLOS ONE | https://doi.org/10.1371/journal.pone.0270933July 20, 2022 1 / 17 a1111111111 a1111111111 a1111111111 a1111111111 a1111111111 OPEN ACCESS Citation: Dey SK, Rahman M.M, Howlader A, Siddiqi UR, Uddin KMM, Borhan…"
2022-dey-prediction-of-dengue-incidents-using,DOI,10.1371/journal.pone.0270933Editor:,https://doi.org/10.1371/journal.pone.0270933Editor:,"…cidents using hospitalized patients, metrological and socio-economic data in Bangladesh: A machine learning approach. PLoS ONE 17(7): e0270933. https://doi.org/10.1371/journal.pone.0270933Editor: Debotosh Bhattacharjee, Jadavpur University, INDIA Received: March 14, 2022 Accepted: June 21, 2022 Published: July 20, 2022 Copyright: © 2022 Dey et al. This…"
2022-dey-prediction-of-dengue-incidents-using,DOI,10.7910/DVN/CHUV1V.Funding:,https://doi.org/10.7910/DVN/CHUV1V.Funding:,…source are credited. Data Availability Statement: The data that support the findings of this study are openly available in Harvard Dataverse at https://doi.org/10.7910/DVN/CHUV1V.Funding: The author(s) received no specific funding for this work. Competing interests: The authors have declared that no competing interests exist. Introduction Dengu…
2022-dey-prediction-of-dengue-incidents-using,DOI,10.1371/journal.pone.0270933.g001PLOS,https://doi.org/10.1371/journal.pone.0270933.g001PLOS,"…were left untreated and died due to this deadly virus. In different stages Fig 1. Different symptoms and transmission patterns of dengue fever. https://doi.org/10.1371/journal.pone.0270933.g001PLOS ONE Prediction of dengue incidents using machine learning approach PLOS ONE | https://doi.org/10.1371/journal.pone.0270933July 20, 2022 2 / 17 of life, the de…"
2022-dey-prediction-of-dengue-incidents-using,DOI,10.1371/journal.pone.0270933.g002Table,https://doi.org/10.1371/journal.pone.0270933.g002Table,"…eters (Rainfall, temperature, and humidity) and the number of dengue patients recorded in different districts of Bangladesh for September 2019. https://doi.org/10.1371/journal.pone.0270933.g002Table 1. Description of the DengueBD dataset that is created and used in this research. DengueBD Dataset Attributes Description District Highest affected Major citie…"
2022-dey-prediction-of-dengue-incidents-using,DOI,10.1371/journal.pone.0270933.t001PLOS,https://doi.org/10.1371/journal.pone.0270933.t001PLOS,"…The maximum temperature recorded in a particular month Humidity Average humidity recorded in a month Patients Total number of patients admitted https://doi.org/10.1371/journal.pone.0270933.t001PLOS ONE Prediction of dengue incidents using machine learning approach PLOS ONE | https://doi.org/10.1371/journal.pone.0270933July 20, 2022 6 / 17 train_test_spli…"
2022-dey-prediction-of-dengue-incidents-using,DOI,10.1371/journal.pone.0270933.g003PLOS,https://doi.org/10.1371/journal.pone.0270933.g003PLOS,"…le. Therefore, this study utilized a multiple Fig 3. Stepwise workflow diagram for predicting the dengue cases based on the proposed algorithm. https://doi.org/10.1371/journal.pone.0270933.g003PLOS ONE Prediction of dengue incidents using machine learning approach PLOS ONE | https://doi.org/10.1371/journal.pone.0270933July 20, 2022 7 / 17 linear regressi…"
2022-dey-prediction-of-dengue-incidents-using,DOI,10.1371/journal.pone.0270933.t002PLOS,https://doi.org/10.1371/journal.pone.0270933.t002PLOS,"…hreaded i.e. (1 core, 2 threads) Xeon Processors @2.3Ghz Cache 46 MB GPU NVidia K80 GPU GPU Memory 16 GB Session Limit 9 hours Disk Space 100GB https://doi.org/10.1371/journal.pone.0270933.t002PLOS ONE Prediction of dengue incidents using machine learning approach PLOS ONE | https://doi.org/10.1371/journal.pone.0270933July 20, 2022 9 / 17 patients, this…"
2022-dey-prediction-of-dengue-incidents-using,DOI,10.1371/journal.pone.0270933.g004PLOS,https://doi.org/10.1371/journal.pone.0270933.g004PLOS,"…(B) contains the MLR model results. Both models produced the outcome for the same cities of Bangladesh for the specific month of the year 2021. https://doi.org/10.1371/journal.pone.0270933.g004PLOS ONE Prediction of dengue incidents using machine learning approach PLOS ONE | https://doi.org/10.1371/journal.pone.0270933July 20, 2022 10 / 17 the summer sea…"
2022-dey-prediction-of-dengue-incidents-using,DOI,10.1371/journal.pone.0270933.g005PLOS,https://doi.org/10.1371/journal.pone.0270933.g005PLOS,"…le Fig 5. Predicting the dengue patients in 11 different cities of Bangladesh from Aug 2021 to May 2022 using Multiple Linear Regression (MLR). https://doi.org/10.1371/journal.pone.0270933.g005PLOS ONE Prediction of dengue incidents using machine learning approach PLOS ONE | https://doi.org/10.1371/journal.pone.0270933July 20, 2022 11 / 17 aware of the s…"
2022-dey-prediction-of-dengue-incidents-using,DOI,10.1371/journal.pone.0270933.g006PLOS,https://doi.org/10.1371/journal.pone.0270933.g006PLOS,"…re- Fig 6. Predicting the dengue patients in 11 different cities of Bangladesh from Aug 2021 to May 2022 using Support Vector Regression (SVR). https://doi.org/10.1371/journal.pone.0270933.g006PLOS ONE Prediction of dengue incidents using machine learning approach PLOS ONE | https://doi.org/10.1371/journal.pone.0270933July 20, 2022 12 / 17 inspired optim…"
2022-dey-prediction-of-dengue-incidents-using,DOI,10.1371/journal.pone.0270933.g007PLOS,https://doi.org/10.1371/journal.pone.0270933.g007PLOS,"…ue dataset named Fig 7. Month-wise dengue patients prediction trend using Multiple Linear Regression (MLR) and Support Vector Regression (SVR). https://doi.org/10.1371/journal.pone.0270933.g007PLOS ONE Prediction of dengue incidents using machine learning approach PLOS ONE | https://doi.org/10.1371/journal.pone.0270933July 20, 2022 13 / 17 Table 3. Compa…"
2022-dey-prediction-of-dengue-incidents-using,DOI,10.1371/journal.pone.0270933.t003PLOS,https://doi.org/10.1371/journal.pone.0270933.t003PLOS,"…te error (MAE) Accuracy: 75% (SVR), 67% (MLR). Successfully estimated the dengue cases for the next 10 months in 11 different cities Bangladesh https://doi.org/10.1371/journal.pone.0270933.t003PLOS ONE Prediction of dengue incidents using machine learning approach PLOS ONE | https://doi.org/10.1371/journal.pone.0270933July 20, 2022 15 / 17 Resources: Arp…"
2022-dey-prediction-of-dengue-incidents-using,DOI,10.1371/journal.pone.0220106,https://doi.org/10.1371/journal.pone.0220106,"…engue2.Stolerman LM, Maia PD, Kutz JN. Forecasting dengue fever in Brazil: An assessment of climate condi- tions. PLOS ONE. 2019; 14: e0220106. https://doi.org/10.1371/journal.pone.0220106 PMID: 31393908 3. Beltz LA. Chapter 2—Dengue Virus. In: Beltz LA, editor. Zika and Other Neglected and Emerging Flavi- viruses. Elsevier; 2021. pp. 19–39. http…"
2022-dey-prediction-of-dengue-incidents-using,DOI,10.1016/B978-0-323-82501-6.00002,https://doi.org/10.1016/B978-0-323-82501-6.00002,"…908 3. Beltz LA. Chapter 2—Dengue Virus. In: Beltz LA, editor. Zika and Other Neglected and Emerging Flavi- viruses. Elsevier; 2021. pp. 19–39. https://doi.org/10.1016/B978-0-323-82501-6.00002–54.Hossain MS, Siddiqee MH, Siddiqi UR, Raheem E, Akter R, Hu W. Dengue in a crowded megacity: Les- sons learnt from 2019 outbreak in Dhaka, Bangladesh. PLOS N…"
2022-dey-prediction-of-dengue-incidents-using,DOI,10.1371/journal.pntd.0008349,https://doi.org/10.1371/journal.pntd.0008349,"…. Dengue in a crowded megacity: Les- sons learnt from 2019 outbreak in Dhaka, Bangladesh. PLOS Neglected Tropical Diseases. 2020; 14: e0008349. https://doi.org/10.1371/journal.pntd.0008349 PMID: 32817678 5. Benedum CM, Seidahmed OME, Eltahir EAB, Markuzon N. Statistical modeling of the effect of rainfall flushing on dengue transmission in Singapo…"
2022-dey-prediction-of-dengue-incidents-using,DOI,10.1371/journal.pntd.0006935,https://doi.org/10.1371/journal.pntd.0006935,"…tistical modeling of the effect of rainfall flushing on dengue transmission in Singapore. PLOS Neglected Tropical Diseases. 2018; 12: e0006935. https://doi.org/10.1371/journal.pntd.0006935 PMID: 30521523 6. Karim MdN Munshi SU, Anwar N Alam MdS. Climatic factors influencing dengue cases in Dhaka city: A model for dengue prediction. Indian J Med R…"
2022-dey-prediction-of-dengue-incidents-using,DOI,10.1155/2019/3516284,https://doi.org/10.1155/2019/3516284,…miological Shift in terms of Morbidity and Mortality. Canadian Journal of Infec- tious Diseases and Medical Microbiology. 2019; 2019: e3516284. https://doi.org/10.1155/2019/3516284 PMID: 30962860 8. CDC. Aedes aegypti and Ae. albopictus Mosquito Life Cycles | CDC. In: Centers for Disease Control and Prevention [Internet]. 5 Mar 2020 [cite…
2022-dey-prediction-of-dengue-incidents-using,DOI,10.1038/nature12060,https://doi.org/10.1038/nature12060,"…hatt S, Gething PW, Brady OJ, Messina JP, Farlow AW, Moyes CL, et al. The global distribution and burden of dengue. Nature. 2013; 496: 504–507. https://doi.org/10.1038/nature12060 PMID: 23563266 10. Lambrechts L, Paaijmans KP, Fansiri T, Carrington LB, Kramer LD, Thomas MB, et al. Impact of daily temperature fluctuations on dengue virus…"
2022-dey-prediction-of-dengue-incidents-using,DOI,10.1073/pnas.1101377108,https://doi.org/10.1073/pnas.1101377108,"…amer LD, Thomas MB, et al. Impact of daily temperature fluctuations on dengue virus transmission by Aedes aegypti. PNAS. 2011; 108: 7460– 7465. https://doi.org/10.1073/pnas.1101377108 PMID: 21502510 11. Liu Z, Zhang Z, Lai Z, Zhou T, Jia Z, Gu J, et al. Temperature Increase Enhances Aedes albopictus Competence to Transmit Dengue Virus. Front…"
2022-dey-prediction-of-dengue-incidents-using,DOI,10.3389/fmicb.2017.02337,https://doi.org/10.3389/fmicb.2017.02337,"…a Z, Gu J, et al. Temperature Increase Enhances Aedes albopictus Competence to Transmit Dengue Virus. Frontiers in Microbiology. 2017; 8: 2337. https://doi.org/10.3389/fmicb.2017.02337 PMID: 29250045 12. Igarashi A. Impact of dengue virus infection and its control. FEMS Immunology & Medical Microbiology. 1997; 18: 291–300. https://doi.org/10.…"
2022-dey-prediction-of-dengue-incidents-using,DOI,10.1111/j.1574-695X.1997.tb01058.x,https://doi.org/10.1111/j.1574-695X.1997.tb01058.x,…337 PMID: 29250045 12. Igarashi A. Impact of dengue virus infection and its control. FEMS Immunology & Medical Microbiology. 1997; 18: 291–300. https://doi.org/10.1111/j.1574-695X.1997.tb01058.x PMID: 9348165 13. Benelli G. Plant-borne ovicides in the fight against mosquito vectors of medical and veterinary impor- tance: a systematic review. Parasitol…
2022-dey-prediction-of-dengue-incidents-using,DOI,10.1007/s00436-015-4656-z,https://doi.org/10.1007/s00436-015-4656-z,"…vicides in the fight against mosquito vectors of medical and veterinary impor- tance: a systematic review. Parasitol Res. 2015; 114: 3201–3212. https://doi.org/10.1007/s00436-015-4656-z PMID: 26239801 14. Althouse BM, Ng YY, Cummings DAT. Prediction of Dengue Incidence Using Search Query Surveil- lance. PLOS Neglected Tropical Diseases. 2011;…"
2022-dey-prediction-of-dengue-incidents-using,DOI,10.1371/journal.pntd.0001258,https://doi.org/10.1371/journal.pntd.0001258,"…se BM, Ng YY, Cummings DAT. Prediction of Dengue Incidence Using Search Query Surveil- lance. PLOS Neglected Tropical Diseases. 2011; 5: e1258. https://doi.org/10.1371/journal.pntd.0001258 PMID: 21829744 15. Uno N, Ross TM. Dengue virus and the host innate immune response. Emerging Microbes & Infections. 2018; 7: 1–11. https://doi.org/10.1038/s41…"
2022-dey-prediction-of-dengue-incidents-using,DOI,10.1038/s41426-018-0168-0,https://doi.org/10.1038/s41426-018-0168-0,"…ntd.0001258 PMID: 21829744 15. Uno N, Ross TM. Dengue virus and the host innate immune response. Emerging Microbes & Infections. 2018; 7: 1–11. https://doi.org/10.1038/s41426-018-0168-0 PMID: 30301880 PLOS ONE Prediction of dengue incidents using machine learning approach PLOS ONE | https://doi.org/10.1371/journal.pone.0270933July 20, 2022 16…"
2022-dey-prediction-of-dengue-incidents-using,DOI,10.1088/1748-9326/ac2b6017.Hossain,https://doi.org/10.1088/1748-9326/ac2b6017.Hossain,"…risk in a changing climate: Bangladesh is likely to experience a longer dengue fever season in the future. Environ Res Lett. 2021; 16: 114003. https://doi.org/10.1088/1748-9326/ac2b6017.Hossain MP, Zhou W, Ren C, Marshall J, Yuan H-Y. Prediction of dengue annual incidence using sea- sonal climate variability in Bangladesh between 2000 and 2018. PLOS G…"
2022-dey-prediction-of-dengue-incidents-using,DOI,10.1371/journal.pgph.000004718.Dourjoy,https://doi.org/10.1371/journal.pgph.000004718.Dourjoy,"…dengue annual incidence using sea- sonal climate variability in Bangladesh between 2000 and 2018. PLOS Global Public Health. 2022; 2: e0000047. https://doi.org/10.1371/journal.pgph.000004718.Dourjoy SMK, Rafi AMGR, Tumpa ZN, Saifuzzaman Mohd. A Comparative Study on Prediction of Den- gue Fever Using Machine Learning Algorithm. In: Tripathy AK, Sarkar M, Sa…"
2022-dey-prediction-of-dengue-incidents-using,DOI,10.1007/978-981-15-4218-3_4919.Martheswaran,https://doi.org/10.1007/978-981-15-4218-3_4919.Martheswaran,"…Sarkar M, Sahoo JP, Li K-C, Chinara S, editors. Advances in Distributed Computing and Machine Learning. Singapore: Springer; 2021. pp. 501–510. https://doi.org/10.1007/978-981-15-4218-3_4919.Martheswaran TK, Hamdi H, Al-Barty A, Zaid AA, Das B. Prediction of dengue fever outbreaks using cli- mate variability and Markov chain Monte Carlo techniques in a stochast…"
2022-dey-prediction-of-dengue-incidents-using,DOI,10.1038/s41598-022-09489-y,https://doi.org/10.1038/s41598-022-09489-y,…sing cli- mate variability and Markov chain Monte Carlo techniques in a stochastic susceptible-infected-removed model. Sci Rep. 2022; 12: 5459. https://doi.org/10.1038/s41598-022-09489-y PMID: 35361845 20. Dey SK. DengueBD. Harvard Dataverse; 2022. https://doi.org/10.7910/DVN/CHUV1V21.Ltd CHW-A-C. Bangladesh weather averages | Best time to go |…
2022-dey-prediction-of-dengue-incidents-using,DOI,10.7910/DVN/CHUV1V21.Ltd,https://doi.org/10.7910/DVN/CHUV1V21.Ltd,…emoved model. Sci Rep. 2022; 12: 5459. https://doi.org/10.1038/s41598-022-09489-y PMID: 35361845 20. Dey SK. DengueBD. Harvard Dataverse; 2022. https://doi.org/10.7910/DVN/CHUV1V21.Ltd CHW-A-C. Bangladesh weather averages | Best time to go | Weather-2-Visit. [cited 9 Nov 2021]. Available: https://www.weather2visit.com/asia/bangladesh/22.Aljam…
2022-dey-prediction-of-dengue-incidents-using,DOI,10.1155/2021/558718823.Smola,https://doi.org/10.1155/2021/558718823.Smola,"…S. Machine Learning-Based Model to Predict the Disease Severity and Outcome in COVID-19 Patients. Scientific Programming. 2021; 2021: e5587188. https://doi.org/10.1155/2021/558718823.Smola AJ, Scho¨lkopf B. A tutorial on support vector regression. Statistics and Computing. 2004; 14: 199–222. https://doi.org/10.1023/B:STCO.0000035301.49549.8824.Jo…"
2022-dey-prediction-of-dengue-incidents-using,DOI,10.1023/B:STCO.0000035301.49549.8824.Jobson,https://doi.org/10.1023/B:STCO.0000035301.49549.8824.Jobson,"…://doi.org/10.1155/2021/558718823.Smola AJ, Scho¨lkopf B. A tutorial on support vector regression. Statistics and Computing. 2004; 14: 199–222. https://doi.org/10.1023/B:STCO.0000035301.49549.8824.Jobson JD. Multiple Linear Regression. In: Jobson JD, editor. Applied Multivariate Data Analysis: Regression and Experimental Design. New York, NY: Springer; 1991. pp…"
2022-dey-prediction-of-dengue-incidents-using,DOI,10.1007/978-1-4612-0955-3_425.A,https://doi.org/10.1007/978-1-4612-0955-3_425.A,"…sion. In: Jobson JD, editor. Applied Multivariate Data Analysis: Regression and Experimental Design. New York, NY: Springer; 1991. pp. 219–398. https://doi.org/10.1007/978-1-4612-0955-3_425.A Tutorial on Support Vector Machines for Pattern Recognition | SpringerLink. [cited 18 May 2022]. Available: https://link.springer.com/article/10.1023/A:1009715…"
2022-dey-prediction-of-dengue-incidents-using,DOI,10.1023/A:100971592355526.McGough,https://doi.org/10.1023/A:100971592355526.McGough,"…4612-0955-3_425.A Tutorial on Support Vector Machines for Pattern Recognition | SpringerLink. [cited 18 May 2022]. Available: https://link.springer.com/article/10.1023/A:100971592355526.McGough SF, Clemente L, Kutz JN, Santillana M. A dynamic, ensemble learning approach to forecast dengue fever epidemic years in Brazil using weather and population sus…"
2022-dey-prediction-of-dengue-incidents-using,DOI,10.1098/rsif.2020.1006,https://doi.org/10.1098/rsif.2020.1006,"…dengue fever epidemic years in Brazil using weather and population susceptibility cycles. Journal of The Royal Society Interface. 18: 20201006. https://doi.org/10.1098/rsif.2020.1006 PMID: 34129785 27. Sarma D, Hossain S, Mittra T, Bhuiya MdAM, Saha I, Chakma R. Dengue Prediction using Machine Learning Algorithms. 2020 IEEE 8th R10 Humanita…"
2022-dey-prediction-of-dengue-incidents-using,DOI,10.1109/R10-HTC49770.2020.935703528.Salim,https://doi.org/10.1109/R10-HTC49770.2020.935703528.Salim,"…, Chakma R. Dengue Prediction using Machine Learning Algorithms. 2020 IEEE 8th R10 Humanitarian Technology Conference (R10-HTC). 2020. pp. 1–6. https://doi.org/10.1109/R10-HTC49770.2020.935703528.Salim NAM, Wah YB, Reeves C, Smith M, Yaacob WFW, Mudin RN, et al. Prediction of dengue out- break in Selangor Malaysia using machine learning techniques. Sci Rep. 2…"
2022-dey-prediction-of-dengue-incidents-using,DOI,10.1038/s41598-020-79193-2,https://doi.org/10.1038/s41598-020-79193-2,"…M, Yaacob WFW, Mudin RN, et al. Prediction of dengue out- break in Selangor Malaysia using machine learning techniques. Sci Rep. 2021; 11: 939. https://doi.org/10.1038/s41598-020-79193-2 PMID: 33441678 29. Salami D, Sousa CA, Martins M do RO, Capinha C. Predicting dengue importation into Europe, using machine learning and model-agnostic methods…"
2022-dey-prediction-of-dengue-incidents-using,DOI,10.1038/s41598-020-66650-1,https://doi.org/10.1038/s41598-020-66650-1,"…tins M do RO, Capinha C. Predicting dengue importation into Europe, using machine learning and model-agnostic methods. Sci Rep. 2020; 10: 9689. https://doi.org/10.1038/s41598-020-66650-1 PMID: 32546771 30. Guo P, Liu T, Zhang Q, Wang L, Xiao J, Zhang Q, et al. Developing a dengue forecast model using machine learning: A case study in China. PLO…"
2022-dey-prediction-of-dengue-incidents-using,DOI,10.1371/journal.pntd.0005973,https://doi.org/10.1371/journal.pntd.0005973,"…et al. Developing a dengue forecast model using machine learning: A case study in China. PLOS Neglected Tropical Diseases. 2017; 11: e0005973. https://doi.org/10.1371/journal.pntd.0005973 PMID: 29036169 31. Yang X-S, Deb S, Fong S, He X, Zhao Y-X. From Swarm Intelligence to Metaheuristics: Nature-Inspired Optimization Algorithms. Computer. 2016;…"
2022-dey-prediction-of-dengue-incidents-using,DOI,10.1109/MC.2016.29232.Abualigah,https://doi.org/10.1109/MC.2016.29232.Abualigah,"…, Deb S, Fong S, He X, Zhao Y-X. From Swarm Intelligence to Metaheuristics: Nature-Inspired Optimization Algorithms. Computer. 2016; 49: 52–59. https://doi.org/10.1109/MC.2016.29232.Abualigah L, Yousri D, Abd Elaziz M, Ewees AA, Al-qaness MAA, Gandomi AH. Aquila Optimizer: A novel meta-heuristic optimization algorithm. Computers & Industrial Enginee…"
2022-dey-prediction-of-dengue-incidents-using,DOI,10.1016/j.cie.2021.10725033.Oyelade,https://doi.org/10.1016/j.cie.2021.10725033.Oyelade,"…qaness MAA, Gandomi AH. Aquila Optimizer: A novel meta-heuristic optimization algorithm. Computers & Industrial Engineering. 2021; 157: 107250. https://doi.org/10.1016/j.cie.2021.10725033.Oyelade ON, Ezugwu AE-S, Mohamed TIA, Abualigah L. Ebola Optimization Search Algorithm: A New Nature-Inspired Metaheuristic Optimization Algorithm. IEEE Access. 2022;…"
2022-dey-prediction-of-dengue-incidents-using,DOI,10.1109/ACCESS.2022.314782134.Agushaka,https://doi.org/10.1109/ACCESS.2022.314782134.Agushaka,"…ualigah L. Ebola Optimization Search Algorithm: A New Nature-Inspired Metaheuristic Optimization Algorithm. IEEE Access. 2022; 10: 16150–16177. https://doi.org/10.1109/ACCESS.2022.314782134.Agushaka JO, Ezugwu AE, Abualigah L. Dwarf Mongoose Optimization Algorithm. Computer Methods in Applied Mechanics and Engineering. 2022; 391: 114570. https://doi.org/10…"
2022-dey-prediction-of-dengue-incidents-using,DOI,10.1016/j.cma.2022.11457035.Abualigah,https://doi.org/10.1016/j.cma.2022.11457035.Abualigah,"…ka JO, Ezugwu AE, Abualigah L. Dwarf Mongoose Optimization Algorithm. Computer Methods in Applied Mechanics and Engineering. 2022; 391: 114570. https://doi.org/10.1016/j.cma.2022.11457035.Abualigah L, Elaziz MA, Sumari P, Geem ZW, Gandomi AH. Reptile Search Algorithm (RSA): A nature- inspired meta-heuristic optimizer. Expert Systems with Applications. 202…"
2022-dey-prediction-of-dengue-incidents-using,DOI,10.1016/j.eswa.2021.116158PLOS,https://doi.org/10.1016/j.eswa.2021.116158PLOS,"…, Gandomi AH. Reptile Search Algorithm (RSA): A nature- inspired meta-heuristic optimizer. Expert Systems with Applications. 2022; 191: 116158. https://doi.org/10.1016/j.eswa.2021.116158PLOS ONE Prediction of dengue incidents using machine learning approach PLOS ONE | https://doi.org/10.1371/journal.pone.0270933July 20, 2022 17 / 17"
2022-dey-prediction-of-dengue-incidents-using,url,https://doi.org/10.1016/B978-0-323-82501-6.00002–54.Hossain,https://doi.org/10.1016/B978-0-323-82501-6.00002–54.Hossain,"…ika and Other Neglected and Emerging Flavi- viruses. Elsevier; 2021. pp. 19–39. https://doi.org/10.1016/B978-0-323-82501-6.00002–54.Hossain MS, Siddiqee MH, Siddiqi UR, Raheem E, Akter R, Hu W. Dengue in a crowded megac…"
2022-uddin-feature-fusion-based-vggfusionnet-model,DOI,10.1038/s41598-022-25539-xwww.nature.com/scientificreportsFeature,https://doi.org/10.1038/s41598-022-25539-xwww.nature.com/scientificreportsFeature,"1 Vol.:(0123456789) Scientific Reports | (2022) 12:21796 | https://doi.org/10.1038/s41598-022-25539-xwww.nature.com/scientificreportsFeature fusion based VGGFusionNet model to detect COVID‑19 patients utilizing computed tomography scan images Khandaker Mohammad Mohi Uddin 1, Samrat Kumar Dey 2,…"
2022-uddin-feature-fusion-based-vggfusionnet-model,DOI,10.1038/s41598-022-25539-xwww.nature.com/scientificreports/two,https://doi.org/10.1038/s41598-022-25539-xwww.nature.com/scientificreports/two,"…QLD 4072, Australia. *email: watshara.sho@mahidol.ac.th; m.moni@uq.edu.au 2 Vol:.(1234567890) Scientific Reports | (2022) 12:21796 | https://doi.org/10.1038/s41598-022-25539-xwww.nature.com/scientificreports/two days to three days. Blood samples are also used to detect Coronavirus; here, Antibodies from the blood are helped to detect COVID-19. In recent times, two dif…"
2022-uddin-feature-fusion-based-vggfusionnet-model,DOI,10.1038/s41598-022-25539-xwww.nature.com/scientificreports/505,https://doi.org/10.1038/s41598-022-25539-xwww.nature.com/scientificreports/505,"…et50 are used. The dataset was formed with 1990 CT image slices were 777, 3 Vol.:(0123456789) Scientific Reports | (2022) 12:21796 | https://doi.org/10.1038/s41598-022-25539-xwww.nature.com/scientificreports/505, and 708 CT image slices of COVID-19 positive, bacterial Pneumonia, and normal, respectively. For the training phase, the authors used 60% CT images of the da…"
2022-uddin-feature-fusion-based-vggfusionnet-model,DOI,10.1038/s41598-022-25539-xwww.nature.com/scientificreports/The,https://doi.org/10.1038/s41598-022-25539-xwww.nature.com/scientificreports/The,"…T scans, containing 1252 CT COVID-19 positive and 1230 COVID-19 negative. 4 Vol:.(1234567890) Scientific Reports | (2022) 12:21796 | https://doi.org/10.1038/s41598-022-25539-xwww.nature.com/scientificreports/The images from all three data sets were merged to generate a dataset for this work because the number of images accessible in the public repository was limited.…"
2022-uddin-feature-fusion-based-vggfusionnet-model,DOI,10.1038/s41598-022-25539-xwww.nature.com/scientificreports/Data,https://doi.org/10.1038/s41598-022-25539-xwww.nature.com/scientificreports/Data,…of Pneumonia. Figure 1. Workflow diagram of proposed VGGFusionNet model. 5 Vol.:(0123456789) Scientific Reports | (2022) 12:21796 | https://doi.org/10.1038/s41598-022-25539-xwww.nature.com/scientificreports/Data pre‑processing. Image processing is a crucial step in obtaining meaningful information and cor- rect classification. The images were converted from RGB to gra…
2022-uddin-feature-fusion-based-vggfusionnet-model,DOI,10.1038/s41598-022-25539-xwww.nature.com/scientificreports/A,https://doi.org/10.1038/s41598-022-25539-xwww.nature.com/scientificreports/A,…of COVID-19 positive and negative. Figure 3. Image preprocessing stages. 6 Vol:.(1234567890) Scientific Reports | (2022) 12:21796 | https://doi.org/10.1038/s41598-022-25539-xwww.nature.com/scientificreports/A comparison of several Anisotropic Diffusion methods is shown in Fig. 4 and an example of original images. The proposed MADF technique’s edge preservation capa…
2022-uddin-feature-fusion-based-vggfusionnet-model,DOI,10.1038/s41598-022-25539-xwww.nature.com/scientificreports/Feature,https://doi.org/10.1038/s41598-022-25539-xwww.nature.com/scientificreports/Feature,"…i, j −µGxµGy N i=1(Gix−µIx)(Giy−µIy) N (8) Ck = zi/N (9) r = |Ck −xi| 7 Vol.:(0123456789) Scientific Reports | (2022) 12:21796 | https://doi.org/10.1038/s41598-022-25539-xwww.nature.com/scientificreports/Feature extractor. Two feature extraction approaches, Histogram Oriented Gradient (HOG) and VGG-19 are used individually in this study. These features are incorporat…"
2022-uddin-feature-fusion-based-vggfusionnet-model,DOI,10.1038/s41598-022-25539-xwww.nature.com/scientificreports/Figure,https://doi.org/10.1038/s41598-022-25539-xwww.nature.com/scientificreports/Figure,…ry wise (COVID-19 and normal) images after different diffusion techniques. 8 Vol:.(1234567890) Scientific Reports | (2022) 12:21796 | https://doi.org/10.1038/s41598-022-25539-xwww.nature.com/scientificreports/Figure 5. Image segmentation stages using region segmentation algorithm. Figure 6. Architectural representation of histogram oriented gradient features extraction…
2022-uddin-feature-fusion-based-vggfusionnet-model,DOI,10.1038/s41598-022-25539-xwww.nature.com/scientificreports/Here,https://doi.org/10.1038/s41598-022-25539-xwww.nature.com/scientificreports/Here,"…epresentation of histogram oriented gradient features extraction approach. 9 Vol.:(0123456789) Scientific Reports | (2022) 12:21796 | https://doi.org/10.1038/s41598-022-25539-xwww.nature.com/scientificreports/Here the f is the gradient magnitude at direction θ for the pixel denoted by row i and column j . Then, a histogram is found using the angle and gradient. The norm…"
2022-uddin-feature-fusion-based-vggfusionnet-model,DOI,10.1038/s41598-022-25539-xwww.nature.com/scientificreports/CNN,https://doi.org/10.1038/s41598-022-25539-xwww.nature.com/scientificreports/CNN,…(12) V = N i Vi V2 i + k Figure 7. Architecture of the VGG19 model. 10 Vol:.(1234567890) Scientific Reports | (2022) 12:21796 | https://doi.org/10.1038/s41598-022-25539-xwww.nature.com/scientificreports/CNN based feature extractor and classification. One of the most prominent advancements in computer vision is image feature extraction utilizing CNN. Several CNN…
2022-uddin-feature-fusion-based-vggfusionnet-model,DOI,10.1038/s41598-022-25539-xwww.nature.com/scientificreports/In,https://doi.org/10.1038/s41598-022-25539-xwww.nature.com/scientificreports/In,"….54 Resnet50 96.19 96.60 93.70 94.09 VGGFusionNet 98.06 97.22 98.97 97.01 11 Vol.:(0123456789) Scientific Reports | (2022) 12:21796 | https://doi.org/10.1038/s41598-022-25539-xwww.nature.com/scientificreports/In Eqs. (16) and (17), p stands for probability of features, and He stands for entropy. The classifiers are provided with the features that have been chosen at t…"
2022-uddin-feature-fusion-based-vggfusionnet-model,DOI,10.1038/s41598-022-25539-xwww.nature.com/scientificreports/ResultsIn,https://doi.org/10.1038/s41598-022-25539-xwww.nature.com/scientificreports/ResultsIn,"…8 80.07 0.24 0.19 ANN 91.79 91.52 0.082 0.085 CNN 92.62 94.03 0.061 0.083 12 Vol:.(1234567890) Scientific Reports | (2022) 12:21796 | https://doi.org/10.1038/s41598-022-25539-xwww.nature.com/scientificreports/ResultsIn this research, accuracy, specificity, sensitivity, precision parameters are used for evaluating the computational result, and these parameters are achieved by…"
2022-uddin-feature-fusion-based-vggfusionnet-model,DOI,10.1038/s41598-022-25539-xwww.nature.com/scientificreports/Additionally,https://doi.org/10.1038/s41598-022-25539-xwww.nature.com/scientificreports/Additionally,"…91.25 89.91 90.58 87.14 Dataset C (312 images)29 86.97 83.70 81.59 84.16 13 Vol.:(0123456789) Scientific Reports | (2022) 12:21796 | https://doi.org/10.1038/s41598-022-25539-xwww.nature.com/scientificreports/Additionally, to test the robustness of the proposed approach in the detection of COVID-19 patterns, this experiment combined two datasets to train the proposed model and…"
2022-uddin-feature-fusion-based-vggfusionnet-model,DOI,10.1038/s41598-022-25539-xwww.nature.com/scientificreports/ConclusionIndisputably,https://doi.org/10.1038/s41598-022-25539-xwww.nature.com/scientificreports/ConclusionIndisputably,"…andom patient-level ACC = 0.9806 SPEC = 0.9897 SEN = 0.9722 PREC = 0.9701 14 Vol:.(1234567890) Scientific Reports | (2022) 12:21796 | https://doi.org/10.1038/s41598-022-25539-xwww.nature.com/scientificreports/ConclusionIndisputably, early detection of COVID-19 positive cases is the key to ensuring proper treatment and, most importantly, inhibiting current outbreaks worldwide. Our propose…"
2022-uddin-feature-fusion-based-vggfusionnet-model,DOI,10.1038/s41598-022-25539-xwww.nature.com/scientificreports/31,https://doi.org/10.1038/s41598-022-25539-xwww.nature.com/scientificreports/31,"…g 39, 2615–2625. https://​doi.​org/​10.​1109/​TMI.​2020.​29959​65 (2020). 15 Vol.:(0123456789) Scientific Reports | (2022) 12:21796 | https://doi.org/10.1038/s41598-022-25539-xwww.nature.com/scientificreports/31. Li, L. et al. Using artificial intelligence to detect COVID-19 and community-acquired pneumonia based on pulmonary CT: Evalu- ation of the diagnostic accuracy…"
2022-uddin-smart-home-security-using-facial,DOI,10.5815/ijwmt.2022.02.04,https://doi.org/10.5815/ijwmt.2022.02.04,"I.J. Wireless and Microwave Technologies, 2022, 2, 40-50 Published Online April 2022 in MECS (http://www.mecs-press.org/)DOI: 10.5815/ijwmt.2022.02.04 This work is open access and licensed under the Creative Commons CC BY 4.0 License. Volume 12 (2022), Issue 2 Smart Home Securi…"
2023-uddin-artificial-intelligence-based-domotics-using,DOI,10.5815/ijisa.2023.03.04,https://doi.org/10.5815/ijisa.2023.03.04,"I.J. Intelligent Systems and Applications, 2023, 3, 44-55 Published Online on June 8, 2023 by MECS Press (http://www.mecs-press.org/)DOI: 10.5815/ijisa.2023.03.04 This work is open access and licensed under the Creative Commons CC BY 4.0 License. Volume 15 (2023), Issue 3 Artificial Intellig…"
2023-uddin-artificial-intelligence-based-domotics-using,DOI,10.5815/ijwmt.2022.02.04,https://doi.org/10.5815/ijwmt.2022.02.04,"…y Using Facial Authentication and Mobile Application"", International Journal of Wireless and Microwave Technologies(IJWMT), Vol.12, No.2, pp. 40-50, 2022.DOI: 10.5815/ijwmt.2022.02.04 [3] S. V. Chippa, Dr. R. R. Dube, “AWS EC2 based Home Security System using Face Recognition”, International Journal of Engineering Research & Technology (I…"
2023-uddin-blockchain-and-ifps-based-secure,DOI,10.5815/ijieeb.2023.01.03,https://doi.org/10.5815/ijieeb.2023.01.03,"I.J. Information Engineering and Electronic Business, 2023, 1, 29-40 Published Online on February 8, 2023 by MECS Press (http://www.mecs-press.org/)DOI: 10.5815/ijieeb.2023.01.03 This work is open access and licensed under the Creative Commons CC BY 4.0 License. Volume 15 (2023), Issue 1 Blockchain and IFPS…"
2023-uddin-blockchain-and-ifps-based-secure,DOI,10.1109/VTC2020-,https://doi.org/10.1109/VTC2020-,"…ing e-FIR Data through Blockchain within Smart Cities,"" 2020 IEEE 91st Vehicular Technology Conference (VTC2020-Spring), Antwerp, Belgium, 2020, pp. 1-5, doi: 10.1109/VTC2020- Spring48590.2020.9129428. [6] Han,M., Yan, M. , Li, J.,Ji, S.,and Li,Y., Generating uncertain networks based on historical network snapshots, in International…"
2023-uddin-blockchain-and-ifps-based-secure,DOI,10.1016/j.bcra.2021.100006,https://doi.org/10.1016/j.bcra.2021.100006,"…A Survey on the Adoption of Blockchain in IoT: Challenges and Solutions, Blockchain: Research and Applications, 2021, 100006, ISSN 2096-7209, https://doi.org/10.1016/j.bcra.2021.100006.[12] Nakamoto,S., “Bitcoin: A peer-to-peer electronic cash system,” white paper, 2008. [13] Uddin,M. A.,Stranieri,A.,Gondal, I., and Balasubramanian,V., “A dec…"
2023-uddin-blockchain-and-ifps-based-secure,DOI,10.1109/ICIICT1.2019.8741353,https://doi.org/10.1109/ICIICT1.2019.8741353,"…ensus Algorithms,"" 2019 1st International Conference on Innovations in Information and Communication Technology (ICIICT), Chennai, India, 2019, pp. 1-6, doi: 10.1109/ICIICT1.2019.8741353. [31] Vukolic,M., The quest for scalable blockchain fabric: Proof-of-work vs. bft replication, in International Workshop on Open Problems in Network Security,…"
2024-rahman-airnet-predictive-machine-learning-model,DOI,10.1186/s40068-024-00378-zRESEARCHOpen,https://doi.org/10.1186/s40068-024-00378-zRESEARCHOpen,"Rahman et al. Environmental Systems Research (2024) 13:44 https://doi.org/10.1186/s40068-024-00378-zRESEARCHOpen Access © The Author(s) 2024. Open Access This article is licensed under a Creative Commons Attribution-NonCommercial-NoDerivatives 4.0 International License,…"
2025-masum-an-explainable-ai-based-deep,DOI,10.4108/airo.9795,https://doi.org/10.4108/airo.9795,"…permits copying, redistributing, remixing, transformation, and building upon the material in any medium so long as the original work is properly cited. doi: 10.4108/airo.9795 1. Introduction Gastrointestinal (GI) disorders remain a widespread public health concern, causing substantial morbidity and placing immense strain on healt…"
2026-hasan-a-multi-layer-framework-for-hallucination,DOI,10.21203/rs.3.rs-9986071/v1License:,https://doi.org/10.21203/rs.3.rs-9986071/v1License:,"…ding, Neuro-Symbolic Reasoning, Trust Calibration, Uncertainty-Aware AI, Retrieval-Augmented Generation (RAG) Posted Date: June 25th, 2026 DOI: https://doi.org/10.21203/rs.3.rs-9986071/v1License:   This work is licensed under a Creative Commons Attribution 4.0 International License. Read Full License Additional Declarations: No competing interests r…"
2026-hasan-a-multi-layer-framework-for-hallucination,DOI,10.1145/3703155,https://doi.org/10.1145/3703155,"…rvey on Hallucination in Large Language Models: Princi- ples, Taxonomy, Challenges, and Open Questions,” ACM Trans. Inf. Syst., vol. 43, no. 2, Jan. 2025, doi: 10.1145/3703155. [2] S. M. T. I. Tonmoy et al., “A Comprehensive Survey of Hallucination Miti- gation Techniques in Large Language Models,” Jan. 2024, [Online]. Available: http…"
2026-hasan-a-multi-layer-framework-for-hallucination,DOI,10.1631/FITEE.2500180,https://doi.org/10.1631/FITEE.2500180,"…ection: a black-box zero- resource approach,” Frontiers of Information Technology and Electronic Engi- neering, vol. 26, no. 11, pp. 2298–2309, Nov. 2025, doi: 10.1631/FITEE.2500180. [5] P. Manakul, A. Liusie, and M. J. F. Gales, “SelfCheckGPT: Zero-Resource Black- Box Hallucination Detection for Generative Large Language Models,” Oct. 2023…"
2026-hasan-a-multi-layer-framework-for-hallucination,DOI,10.1109/ICT-,https://doi.org/10.1109/ICT-,"…AG) for Large Lan- guage Models,” in 2025 International Conference on Trustworthy Big Data and Artiﬁcial Intelligence (ICTBAI), IEEE, Aug. 2025, pp. 7–13. doi: 10.1109/ICT- BAI68361.2025.00008. 48 [9] S. AboulEla, P. Zabihitari, N. Ibrahim, M. Afshar, and R. Kashef, “Explor- ing RAG Solutions to Reduce Hallucinations in LLMs,” in…"
2026-hasan-a-multi-layer-framework-for-hallucination,DOI,10.1109/SysCon64521.2025.11014810,https://doi.org/10.1109/SysCon64521.2025.11014810,"…R. Kashef, “Explor- ing RAG Solutions to Reduce Hallucinations in LLMs,” in 2025 IEEE International systems Conference (SysCon), IEEE, Apr. 2025, pp. 1–8. doi: 10.1109/SysCon64521.2025.11014810. [10] H. Tekg¨oz, H. Erdo˘gan, H. Uz, and H. Altınok, “Evaluation of Vector Database and LLM Models in Retrieval-Augmented Generation (RAG) Systems,” in 2025 10…"
2026-hasan-a-multi-layer-framework-for-hallucination,DOI,10.1109/UBMK67458.2025.11206778,https://doi.org/10.1109/UBMK67458.2025.11206778,"…ieval-Augmented Generation (RAG) Systems,” in 2025 10th International Conference on Computer Science and Engineering (UBMK), IEEE, Sep. 2025, pp. 572–576. doi: 10.1109/UBMK67458.2025.11206778. [11] M. R. A. Hamid, S. A. El-Regaily, and M. M. Aref, “Can Large Language Models Perform Retrieval-Augmented Generation as Multi-Hop Reasoning Over Knowledge…"
2026-hasan-a-multi-layer-framework-for-hallucination,DOI,10.1109/MIUCC66482.2025.11196859,https://doi.org/10.1109/MIUCC66482.2025.11196859,"…Reasoning Over Knowledge Graphs?,” in 2025 International Mobile, Intelligent, and Ubiqui- tous Computing Conference (MIUCC), IEEE, Sep. 2025, pp. 360–365. doi: 10.1109/MIUCC66482.2025.11196859. [12] S. Xu, Z. Yan, C. Dai, and F. Wu, “MEGA-RAG: a retrieval-augmented gen- eration framework with multi-evidence guided answer reﬁnement for mitigating hallu…"
2026-hasan-a-multi-layer-framework-for-hallucination,DOI,10.3389/fpubh.2025.1635381,https://doi.org/10.3389/fpubh.2025.1635381,"…n framework with multi-evidence guided answer reﬁnement for mitigating hallucinations of LLMs in public health,” Front. Public Health, vol. 13, Oct. 2025, doi: 10.3389/fpubh.2025.1635381. [13] H. Sansford, N. Richardson, H. P. Maretic, and J. N. Saada, “GraphEval: A Knowledge-Graph Based LLM Hallucination Evaluation Framework,” Jul. 2024, [Onlin…"
2026-hasan-a-multi-layer-framework-for-hallucination,DOI,10.1109/IJCNN64981.2025.11227412,https://doi.org/10.1109/IJCNN64981.2025.11227412,"…oning Approach for Explainable Claim Veriﬁcation Using LLMs,” in 2025 International Joint Conference on Neural Networks (IJCNN), IEEE, Jun. 2025, pp. 1–8. doi: 10.1109/IJCNN64981.2025.11227412. [15] B. Xu, F. Sun, X. Liu, P. Wu, X. Wang, and L. Pan, “Complex Claim Veri- ﬁcation via Human Fact-Checking Imitation with Large Language Models,” in 2024 19t…"
2026-hasan-a-multi-layer-framework-for-hallucination,DOI,10.1109/iSAI-,https://doi.org/10.1109/iSAI-,"…nguage Models,” in 2024 19th International Joint Symposium on Artiﬁcial Intelligence and Natural Language Processing (iSAI-NLP), IEEE, Nov. 2024, pp. 1–6. doi: 10.1109/iSAI- NLP64410.2024.10799276. [16] H.-Y. Huang, Y. Yang, Z. Zhang, S. Lee, and Y. Wu, “A Survey of Uncertainty Estimation in LLMs: Theory Meets Practice,” Oct. 2024,…"
2026-hasan-a-multi-layer-framework-for-hallucination,DOI,10.1109/ICCV48922.2021.00681,https://doi.org/10.1109/ICCV48922.2021.00681,"…Temperature Scal- ing for Probability Calibration,” in 2021 IEEE/CVF International Confer- ence on Computer Vision (ICCV), IEEE, Oct. 2021, pp. 6869–6879. doi: 10.1109/ICCV48922.2021.00681. [18] Z. Cao, Y. Li, and B.-S. Shin, “LogitAC: Logit Amplitude Constraints for Conﬁ- dence Calibration and Out-of-Distribution Detection,” IEEE Trans. Emerg. To…"
2026-hasan-a-multi-layer-framework-for-hallucination,DOI,10.1109/TETCI.2024.3440196,https://doi.org/10.1109/TETCI.2024.3440196,"…it Amplitude Constraints for Conﬁ- dence Calibration and Out-of-Distribution Detection,” IEEE Trans. Emerg. Top. 49 Comput. Intell., pp. 1–11, Aug. 2024, doi: 10.1109/TETCI.2024.3440196. [19] G. Hao, J. Wu, Q. Pan, and R. Morello, “Quantifying the uncertainty of LLM hallucination spreading in complex adaptive social networks,” Sci. Rep., vol. 1…"
2026-hasan-a-multi-layer-framework-for-hallucination,DOI,10.1038/s41598-024-66708-4,https://doi.org/10.1038/s41598-024-66708-4,"…n, and R. Morello, “Quantifying the uncertainty of LLM hallucination spreading in complex adaptive social networks,” Sci. Rep., vol. 14, no. 1, Dec. 2024, doi: 10.1038/s41598-024-66708-4. [20] W. H. Chin, Y. Guo, C. K. Loo, and N. Kubota, “A Hybrid Neuro-Symbolic Rea- soning Framework for Automated Factual Veriﬁcation in Conversational AI,” in 2…"
2026-hasan-a-multi-layer-framework-for-hallucination,DOI,10.1109/ICMLC66258.2025.11280070,https://doi.org/10.1109/ICMLC66258.2025.11280070,"…ted Factual Veriﬁcation in Conversational AI,” in 2025 International Conference on Machine Learning and Cybernetics (ICMLC), IEEE, Jul. 2025, pp. 315–320. doi: 10.1109/ICMLC66258.2025.11280070. [21] F. Wang et al., “A Comprehensive Survey of Small Language Models in the Era of Large Language Models: Techniques, Enhancements, Applications, Collaboratio…"
2026-hasan-a-multi-layer-framework-for-hallucination,DOI,10.1145/3768165,https://doi.org/10.1145/3768165,"…dels: Techniques, Enhancements, Applications, Collaboration with LLMs, and Trustworthiness,” ACM Trans. Intell. Syst. Technol., vol. 16, no. 6, Nov. 2025, doi: 10.1145/3768165. [22] M. Hu et al., “SLM Meets LLM: Balancing Latency, Interpretability and Consistency in Hallucination Detection,” Aug. 2024, [Online]. Available: http://arxi…"
2026-hasan-a-multi-layer-framework-for-hallucination,DOI,10.1109/eStream61684.2024.10542617,https://doi.org/10.1109/eStream61684.2024.10542617,"…s in Large Language Models (LLMs),” in 2024 IEEE Open Conference of Electrical, Elec- tronic and Information Sciences (eStream), IEEE, Apr. 2024, pp. 1–6. doi: 10.1109/eStream61684.2024.10542617. [24] X. Fang et al., “Reframing Hallucination in Large Language Models: A Lifecycle- Based, Mechanism-Aligned, and Phenomenon-Consistent Deﬁnition,” in 2024 7t…"
2026-hasan-a-multi-layer-framework-for-hallucination,DOI,10.1109/UV63228.2024.11189217,https://doi.org/10.1109/UV63228.2024.11189217,"…Based, Mechanism-Aligned, and Phenomenon-Consistent Deﬁnition,” in 2024 7th International Conference on Universal Village (UV), IEEE, Oct. 2024, pp. 1–15. doi: 10.1109/UV63228.2024.11189217. [25] N. Delpisheh and Y. Chali, “Hallucinations in Abstractive Text Summarization with Large Language Models,” in 2025 2nd International Generative AI and Comp…"
2026-hasan-a-multi-layer-framework-for-hallucination,DOI,10.1109/GACLM67198.2025.11231924,https://doi.org/10.1109/GACLM67198.2025.11231924,"…on with Large Language Models,” in 2025 2nd International Generative AI and Computational Language Modelling Conference (GACLM), IEEE, Aug. 2025, pp. 1–8. doi: 10.1109/GACLM67198.2025.11231924. [26] J. Waldo and S. Boussard, “GPTs and Hallucination: Why do large lan- guage models hallucinate?,” Queue, vol. 22, no. 4, pp. 19–33, Aug. 2024, doi: 10.1145…"
2026-hasan-a-multi-layer-framework-for-hallucination,DOI,10.1145/3688007,https://doi.org/10.1145/3688007,"…231924. [26] J. Waldo and S. Boussard, “GPTs and Hallucination: Why do large lan- guage models hallucinate?,” Queue, vol. 22, no. 4, pp. 19–33, Aug. 2024, doi: 10.1145/3688007. [27] Y. Zhang et al., “The Law of Knowledge Overshadowing: Towards Understanding, Predicting, and Preventing LLM Hallucination,” Feb. 2025, [Online]. Available…"
2026-hasan-a-multi-layer-framework-for-hallucination,DOI,10.1109/ACCESS.2026.3659997,https://doi.org/10.1109/ACCESS.2026.3659997,"…P. Tikka, J. Karjalainen, A. Alesani, and V. Goriachev, “Large Language Model hallucination mitigation in three industrial use cases,” IEEE Access, 2026, doi: 10.1109/ACCESS.2026.3659997. [30] S. Min et al., “FActScore: Fine-grained Atomic Evaluation of Factual Pre- cision in Long Form Text Generation,” Oct. 2023, [Online]. Available: http://arx…"
2026-hasan-a-multi-layer-framework-for-hallucination,DOI,10.1109/ICERECT65215.2025.11377112,https://doi.org/10.1109/ICERECT65215.2025.11377112,"…uestion,” in 2025 5th International Conference on Emerging Research in Elec- tronics, Computer Science and Technology (ICERECT), IEEE, Sep. 2025, pp. 1–6. doi: 10.1109/ICERECT65215.2025.11377112. [36] Y. Pu, Z. He, T. Qiu, H. Wu, and B. Yu, “Customized Retrieval Augmented Generation and Benchmarking for EDA Tool Documentation QA,” in Proceedings of the…"
2026-hasan-a-multi-layer-framework-for-hallucination,DOI,10.1145/3676536.3676730,https://doi.org/10.1145/3676536.3676730,"…Tool Documentation QA,” in Proceedings of the 43rd IEEE/ACM International Conference on Computer-Aided Design, New York, NY, USA: ACM, Oct. 2024, pp. 1–9. doi: 10.1145/3676536.3676730. [37] J. Niu, “ML-DPR: A Meta-Learning-Based Model for Domain-Adaptive Dense Passage Retrieval,” in 2023 IEEE International Conference on Image Process- ing and…"
2026-hasan-a-multi-layer-framework-for-hallucination,DOI,10.1109/ICIPCA59209.2023.10257843,https://doi.org/10.1109/ICIPCA59209.2023.10257843,"…ve Dense Passage Retrieval,” in 2023 IEEE International Conference on Image Process- ing and Computer Applications (ICIPCA), IEEE, Aug. 2023, pp. 985–989. doi: 10.1109/ICIPCA59209.2023.10257843. [38] K. Kim et al., “Bauhaus: Restructuring Vector Database for LLM Retrieval on CXL-Based Tiered Memory,” IEEE Transactions on Computers, vol. 75, no. 4, pp.…"
2026-hasan-a-multi-layer-framework-for-hallucination,DOI,10.1109/TC.2026.3656215,https://doi.org/10.1109/TC.2026.3656215,"…us: Restructuring Vector Database for LLM Retrieval on CXL-Based Tiered Memory,” IEEE Transactions on Computers, vol. 75, no. 4, pp. 1309–1322, Apr. 2026, doi: 10.1109/TC.2026.3656215. [39] W. Wu, H. Wang, B. Li, P. Huang, X. Zhao, and L. Liang, “Mul- tiRAG: A Knowledge-guided Framework for Mitigating Hallucination in Multi-source Retrieval A…"
2026-hasan-a-multi-layer-framework-for-hallucination,DOI,10.1109/ICDE65448.2025.00230,https://doi.org/10.1109/ICDE65448.2025.00230,"…X. Zhao, and L. Liang, “Mul- tiRAG: A Knowledge-guided Framework for Mitigating Hallucination in Multi-source Retrieval Augmented Generation,” Aug. 2025, doi: 10.1109/ICDE65448.2025.00230. 51 [40] Y. Xu, T. Cai, J. Jiang, and X. Song, “Face4Rag: Factual Consistency Eval- uation for Retrieval Augmented Generation in Chinese,” in Proceedings of th…"
2026-hasan-a-multi-layer-framework-for-hallucination,DOI,10.1145/3637528.3671656,https://doi.org/10.1145/3637528.3671656,"…ceedings of the ACM SIGKDD International Conference on Knowledge Discovery and Data Mining, Association for Computing Machinery, Aug. 2024, pp. 6083–6094. doi: 10.1145/3637528.3671656. [41] K. Wo lk, “Evaluating Retrieval-Augmented Generation Variants for Clinical Deci- sion Support: Hallucination Mitigation and Secure On-Premises Deployment,…"
2026-hasan-a-multi-layer-framework-for-hallucination,DOI,10.3390/electron-,https://doi.org/10.3390/electron-,"…iants for Clinical Deci- sion Support: Hallucination Mitigation and Secure On-Premises Deployment,” Electronics (Switzerland), vol. 14, no. 21, Nov. 2025, doi: 10.3390/electron- ics14214227. [42] Y. Gato and T. Akiba, “A Retrieval-and-Classiﬁcation Approach for Fact- checking Grounded by Assembly Minutes,” in 2022 9th International Con…"
2026-hasan-a-multi-layer-framework-for-hallucination,DOI,10.1109/ICAICTA56449.2022.9932924,https://doi.org/10.1109/ICAICTA56449.2022.9932924,"…by Assembly Minutes,” in 2022 9th International Conference on Advanced Informatics: Concepts, Theory and Applications (ICAICTA), IEEE, Sep. 2022, pp. 1–5. doi: 10.1109/ICAICTA56449.2022.9932924. [43] L. Zheng, C. Li, H. Jia, and X. Zhang, “Reasoning Paths as Signals: Augment- ing Multi-hop Fact Veriﬁcation through Structural Reasoning Progression,” 202…"
2026-hasan-a-multi-layer-framework-for-hallucination,DOI,10.1109/IJCNN52387.2021.9533916,https://doi.org/10.1109/IJCNN52387.2021.9533916,"…V: Multimodal Content Based Multilingual Fact Veriﬁcation,” in 2021 International Joint Confer- ence on Neural Networks (IJCNN), IEEE, Jul. 2021, pp. 1–8. doi: 10.1109/IJCNN52387.2021.9533916. [45] H. N. Dao, Y. Hashimoto, and T. C. Thang, “An LLM-Enabled Multi- Agent System for Evidence-Grounded Fact Checking,” in 2025 IEEE 18th International Sympos…"
2026-hasan-a-multi-layer-framework-for-hallucination,DOI,10.1109/MCSoC67473.2025.00029,https://doi.org/10.1109/MCSoC67473.2025.00029,"…-Grounded Fact Checking,” in 2025 IEEE 18th International Symposium on Embedded Multicore/Many-core Systems-on-Chip (MCSoC), IEEE, Dec. 2025, pp. 125–130. doi: 10.1109/MCSoC67473.2025.00029. [46] Z. Yan, J. Wang, J. Chen, X. Li, R. Li, and J. Z. Pan, “Atomic Fact Decom- position Helps Attributed Question Answering,” Sep. 2025, [Online]. Available:…"
2026-hasan-a-multi-layer-framework-for-hallucination,DOI,10.1109/TASL-,https://doi.org/10.1109/TASL-,"…omated Factuality Hallu- cination Dataset Generation for Large Language Models,” IEEE Trans. Audio Speech Lang. Process., vol. 34, pp. 184–195, Jan. 2026, doi: 10.1109/TASL- PRO.2025.3635038. [48] E. Sch¨onw¨alder, C. Falkenberg, C. Hartmann, and W. Lehner, “Absten- tion is all you need,” in 2025 IEEE 12th International Conference…"
2026-hasan-a-multi-layer-framework-for-hallucination,DOI,10.1109/DSAA65442.2025.11248029,https://doi.org/10.1109/DSAA65442.2025.11248029,"…hner, “Absten- tion is all you need,” in 2025 IEEE 12th International Conference on Data Science and Advanced Analytics (DSAA), IEEE, Oct. 2025, pp. 1–10. doi: 10.1109/DSAA65442.2025.11248029. 52 [49] Y. Huang et al., “Look Before You Leap: An Exploratory Study of Uncertainty Analysis for Large Language Models,” IEEE Transactions on Software Enginee…"
2026-hasan-a-multi-layer-framework-for-hallucination,DOI,10.1109/TSE.2024.3519464,https://doi.org/10.1109/TSE.2024.3519464,"…Exploratory Study of Uncertainty Analysis for Large Language Models,” IEEE Transactions on Software Engineer- ing, vol. 51, no. 2, pp. 413–429, Jan. 2025, doi: 10.1109/TSE.2024.3519464. [50] C. Wang, Z. Cao, and K. Zhou, “Towards Faithful and Explainable Large Lan- guage Models: A Knowledge Graph-Guided Framework for Reasoning Enhance- ment an…"
2026-hasan-a-multi-layer-framework-for-hallucination,DOI,10.1109/SNPD65828.2025.11253421,https://doi.org/10.1109/SNPD65828.2025.11253421,"…nternational Conference on Software Engineering, Artiﬁcial Intelligence, Networking and Parallel/Distributed Computing (SNPD), IEEE, Jun. 2025, pp. 92–99. doi: 10.1109/SNPD65828.2025.11253421. [51] R. Sullivan and N. Elsayed, “Can Large Language Models Act as Symbolic Reasoners?,” Oct. 2024, [Online]. Available: http://arxiv.org/abs/2410.21490[52] H.…"
2026-hasan-a-multi-layer-framework-for-hallucination,DOI,10.1109/IC-,https://doi.org/10.1109/IC-,"…“Structured Intelli- gence: Merging Neural and Symbolic AI,” in 2025 International Conference on Computing Technologies (ICOCT), IEEE, Jun. 2025, pp. 1–5. doi: 10.1109/IC- OCT64433.2025.11118474. [53] Z. Xu, J. Li, and W. Zhang, “Large Language Model and Knowledge Graph Entangled Logical Reasoning,” in 2024 IEEE International Con…"
2026-hasan-a-multi-layer-framework-for-hallucination,DOI,10.1109/ICKG63256.2024.00061,https://doi.org/10.1109/ICKG63256.2024.00061,"…e Model and Knowledge Graph Entangled Logical Reasoning,” in 2024 IEEE International Confer- ence on Knowledge Graph (ICKG), IEEE, Dec. 2024, pp. 432–439. doi: 10.1109/ICKG63256.2024.00061. [54] G. Shrivastava, V. Veeraiah, S. Praveenkumar, P. Pathak, T. Sharma, and A. Gupta, “Explainable AI in NLP: Interpretable Models for Transparent Decision Ma…"
2026-hasan-a-multi-layer-framework-for-hallucination,DOI,10.1109/ICCCNT61001.2024.10726022,https://doi.org/10.1109/ICCCNT61001.2024.10726022,"…arent Decision Making,” in 2024 15th International Conference on Computing Communica- tion and Networking Technologies (ICCCNT), IEEE, Jun. 2024, pp. 1–6. doi: 10.1109/ICCCNT61001.2024.10726022. [55] E. Herron, J. Yin, and F. Wang, “SciTrust: Evaluating the Trustworthiness of Large Language Models for Science,” in SC24-W: Workshops of the International…"
2026-hasan-a-multi-layer-framework-for-hallucination,DOI,10.1109/SCW63240.2024.00017,https://doi.org/10.1109/SCW63240.2024.00017,"…ience,” in SC24-W: Workshops of the International Conference for High Performance Computing, Networking, Storage and Analysis, IEEE, Nov. 2024, pp. 72–78. doi: 10.1109/SCW63240.2024.00017. 53"
2026-hasan-classification-of-multi-crop-leaf-diseases,DOI,10.47852/bonviewAIA62026239,https://doi.org/10.47852/bonviewAIA62026239,"…May 2025 | Revised: 9 March 2026 | Accepted: 14 April 2026 | Published online: 8 May 2026 Artificial Intelligence and Applications 2026, Vol. 00(00) 1–12 DOI: 10.47852/bonviewAIA62026239 RESEARCH ARTICLE Classification of Multi-Crop Leaf Diseases in Rice, Wheat, and Bean Using a Deep Transfer Learning Approach Md. Mahmudul Hasan1 , Md. Omar Far…"
2026-hasan-classification-of-multi-crop-leaf-diseases,DOI,10.3390/su15032651,https://doi.org/10.3390/su15032651,"…in sustainable development in Bangladesh econ- omy: Findings from a sectoral approach using input-output analysis. Sustainability, 15(3), 2651. https://doi.org/10.3390/su15032651[2] Ahmed, K., Shahidi, T. R., Irfanul Alam, S. Md., & Momen, S. (2019). Rice leaf disease detection using machine learning techniques. In 2019 International Co…"
2026-hasan-classification-of-multi-crop-leaf-diseases,DOI,10.1109/STI47673.2019.9068096,https://doi.org/10.1109/STI47673.2019.9068096,"…e leaf disease detection using machine learning techniques. In 2019 International Conference on Sustainable Technologies for Industry 4.0, 1–5. https://doi.org/10.1109/STI47673.2019.9068096[3] Mallick, M. T., Biswas, S., Das, A. K., Saha, H. N., Chakrabarti, A., & Deb, N. (2023). Deep learning based auto- mated disease detection and pest classific…"
2026-hasan-classification-of-multi-crop-leaf-diseases,DOI,10.1007/s11042-022-13673-7,https://doi.org/10.1007/s11042-022-13673-7,"…earning based auto- mated disease detection and pest classification in Indian mung bean. Multimedia Tools and Applications, 82(8), 12017–12041. https://doi.org/10.1007/s11042-022-13673-7[4] Mannepalli, P. K., Pathre, A., Chhabra, G., Ujjainkar, P. A., & Wanjari, S. (2024). Diagnosis of bacterial leaf blight, leaf smut, and brown spot in rice le…"
2026-hasan-classification-of-multi-crop-leaf-diseases,DOI,10.1016/j.procs.2024.04.022,https://doi.org/10.1016/j.procs.2024.04.022,"…i, S. (2024). Diagnosis of bacterial leaf blight, leaf smut, and brown spot in rice leafs using VGG16. Procedia Computer Science, 235, 193–200. https://doi.org/10.1016/j.procs.2024.04.022[5] Singh, V., Chug, A., & Singh, A. P. (2023). Classification of beans leaf diseases using fine tuned CNN model. Proce- dia Computer Science, 218, 348–356. htt…"
2026-hasan-classification-of-multi-crop-leaf-diseases,DOI,10.1016/j.procs.2023.01.017,https://doi.org/10.1016/j.procs.2023.01.017,"…, Chug, A., & Singh, A. P. (2023). Classification of beans leaf diseases using fine tuned CNN model. Proce- dia Computer Science, 218, 348–356. https://doi.org/10.1016/j.procs.2023.01.017[6] Islam, M. A., Shuvo, M. N. R., Shamsojjaman, M., Hasan, S., Hossain, M. S., & Khatun, T. (2021). An automated convolutional neural network based approach fo…"
2026-hasan-classification-of-multi-crop-leaf-diseases,DOI,10.14569/IJACSA.2021.0120134,https://doi.org/10.14569/IJACSA.2021.0120134,"…l network based approach for paddy leaf disease detection. International Journal of Advanced Computer Science and Applications, 12(1), 280–288. https://doi.org/10.14569/IJACSA.2021.0120134[7] Mathulaprangsan, S., Lanthong, K., Jetpipattanapong, D., Sateanpattanakul, S., & Patarapuwadol, S. (2020). Rice diseases recognition using effective deep le…"
2026-hasan-classification-of-multi-crop-leaf-diseases,DOI,10.1109/ECTIDAMTNCON48261.2020.9090709,https://doi.org/10.1109/ECTIDAMTNCON48261.2020.9090709,"…edia and Technology with ECTI Northern Section Con- ference on Electrical, Electronics, Computer and Telecom- munications Engineering, 386–389. https://doi.org/10.1109/ECTIDAMTNCON48261.2020.9090709[8] Gaikwad, V. P., & Musande, V. (2017). Wheat disease detection using image processing. In 2017 1st International Conference on Intelligent Systems and Inform…"
2026-hasan-classification-of-multi-crop-leaf-diseases,DOI,10.1109/ICISIM.2017.8122158,https://doi.org/10.1109/ICISIM.2017.8122158,"…heat disease detection using image processing. In 2017 1st International Conference on Intelligent Systems and Information Management, 110–112. https://doi.org/10.1109/ICISIM.2017.8122158[9] Poovidha, S., Thaiyalnayaki, S., & Sampath, A. K. (2023). Leaf disease detection using image processing. In 2023 Inter- national Conference on New Frontiers…"
2026-hasan-classification-of-multi-crop-leaf-diseases,DOI,10.1109/ICCAMS60113.2023.10526087,https://doi.org/10.1109/ICCAMS60113.2023.10526087,"…tection using image processing. In 2023 Inter- national Conference on New Frontiers in Communication, Automation, Management and Security, 1–7. https://doi.org/10.1109/ICCAMS60113.2023.10526087[10] Dixit, A., & Nema, S. (2018). Wheat leaf disease detection using machine learning method-a review. International Journal of Computer Science and Mobile Com…"
2026-hasan-classification-of-multi-crop-leaf-diseases,DOI,10.1109/ACCESS.2022.3142817,https://doi.org/10.1109/ACCESS.2022.3142817,"…[11] Elfatimi, E., Eryigit, R., & Elfatimi, L. (2022). Beans leaf dis- eases classification using MobileNet models. IEEE Access, 10, 9471–9482. https://doi.org/10.1109/ACCESS.2022.3142817[12] Paithane, P., & Wagh, S. J. (2023). Novel modified kernel fuzzy c-means algorithm used for cotton leaf spot detection. System Research and Information Tech…"
2026-hasan-classification-of-multi-crop-leaf-diseases,DOI,10.20535/SRIT.2308-8893.2023.4.07,https://doi.org/10.20535/SRIT.2308-8893.2023.4.07,"…). Novel modified kernel fuzzy c-means algorithm used for cotton leaf spot detection. System Research and Information Technologies, (4), 85–99. https://doi.org/10.20535/SRIT.2308-8893.2023.4.07[13] Paithane, P. (2024). Optimize multiscale feature hybrid-net deep learning approach used for automatic pancreas image segmentation. Machine Vision and Appli…"
2026-hasan-classification-of-multi-crop-leaf-diseases,DOI,10.1007/s00138-024-01619-y,https://doi.org/10.1007/s00138-024-01619-y,"…ltiscale feature hybrid-net deep learning approach used for automatic pancreas image segmentation. Machine Vision and Applications, 35(6), 135. https://doi.org/10.1007/s00138-024-01619-y[14] Abed, S. H., Al-Waisy, A. S., Mohammed, H. J., & Al- Fahdawi, S. (2021). A modern deep learning framework in robot vision for automated bean leaves disease…"
2026-hasan-classification-of-multi-crop-leaf-diseases,DOI,10.1007/s41315-021-00174-3,https://doi.org/10.1007/s41315-021-00174-3,"…rk in robot vision for automated bean leaves diseases detection. International Journal of Intelligent Robotics and Applications, 5(2), 235–251. https://doi.org/10.1007/s41315-021-00174-3[15] Dolatabadian, A., Neik, T. X., Danilevicz, M. F., Upadhyaya, S. R., Batley, J., & Edwards, D. (2025). Image-based crop dis- ease detection using machine le…"
2026-hasan-classification-of-multi-crop-leaf-diseases,DOI,10.1111/ppa.14006,https://doi.org/10.1111/ppa.14006,"…Upadhyaya, S. R., Batley, J., & Edwards, D. (2025). Image-based crop dis- ease detection using machine learning. Plant Pathology, 74(1), 18–38. https://doi.org/10.1111/ppa.14006[16] Jiang, Z., Dong, Z., Jiang, W., & Yang, Y. (2021). Recog- nition of rice leaf diseases and wheat leaf diseases based on multi-task deep transfer learning.…"
2026-hasan-classification-of-multi-crop-leaf-diseases,DOI,10.1016/j.compag.2021.106184,https://doi.org/10.1016/j.compag.2021.106184,"…f rice leaf diseases and wheat leaf diseases based on multi-task deep transfer learning. Computers and Electronics in Agriculture, 186, 106184. https://doi.org/10.1016/j.compag.2021.106184[17] Fan, X., Luo, P., Mu, Y., Zhou, R., Tjahjadi, T., & Ren, Y. (2022). Leaf image based plant disease identification using transfer learning and feature fusio…"
2026-hasan-classification-of-multi-crop-leaf-diseases,DOI,10.1016/j.compag.2022.106892,https://doi.org/10.1016/j.compag.2022.106892,"…f image based plant disease identification using transfer learning and feature fusion. Computers and Elec- tronics in Agriculture, 196, 106892. https://doi.org/10.1016/j.compag.2022.106892[18] Iman, M., Arabnia, H. R., & Rasheed, K. (2023). A review of deep transfer learning and recent advancements. Technologies, 11(2), 40. https://doi.org/10.339…"
2026-hasan-classification-of-multi-crop-leaf-diseases,DOI,10.3390/technologies11020040,https://doi.org/10.3390/technologies11020040,"…106892[18] Iman, M., Arabnia, H. R., & Rasheed, K. (2023). A review of deep transfer learning and recent advancements. Technologies, 11(2), 40. https://doi.org/10.3390/technologies11020040[19] Hassam, M., Khan, M. A., Armghan, A., Althubiti, S. A., Alhaisoni, M., Alqahtani, A., . . . , & Kim, Y. (2022). A single stream modified MobileNet V2 and w…"
2026-hasan-classification-of-multi-crop-leaf-diseases,DOI,10.1109/ACCESS.2022.3201338Pdf_Folio:1111,https://doi.org/10.1109/ACCESS.2022.3201338Pdf_Folio:1111,"…MobileNet V2 and whale controlled entropy based optimization framework for citrus fruit diseases recogni- tion. IEEE Access, 1(0), 91828–91839. https://doi.org/10.1109/ACCESS.2022.3201338Pdf_Folio:1111 Artificial Intelligence and Applications Vol. 00 Iss. 00 2026 [20] Mijwil, M. M., Doshi, R., Hiran, K. K., Unogwu, O. J., & Bala, I. (2023). MobileNetV1-based…"
2026-hasan-classification-of-multi-crop-leaf-diseases,DOI,10.58496/MJCSC/2023/005,https://doi.org/10.58496/MJCSC/2023/005,"…ala, I. (2023). MobileNetV1-based deep learning model for accurate brain tumor classification. Mesopotamian Journal of Computer Science, 29–38. https://doi.org/10.58496/MJCSC/2023/005[21] Zhu, Q., Zhuang, H., Zhao, M., Xu, S., & Meng, R. (2024). A study on expression recognition based on improved MobileNetV2 network. Scientific Reports, 14(1…"
2026-hasan-classification-of-multi-crop-leaf-diseases,DOI,10.1038/s41598-024-58736-x,https://doi.org/10.1038/s41598-024-58736-x,"…Zhao, M., Xu, S., & Meng, R. (2024). A study on expression recognition based on improved MobileNetV2 network. Scientific Reports, 14(1), 8121. https://doi.org/10.1038/s41598-024-58736-x[22] Gulzar, Y. (2023). Fruit image classification model based on MobileNetV2 with deep transfer learning technique. Sustainability, 15(3), 1906. https://doi.or…"
2026-hasan-classification-of-multi-crop-leaf-diseases,DOI,10.3390/su15031906,https://doi.org/10.3390/su15031906,"…2] Gulzar, Y. (2023). Fruit image classification model based on MobileNetV2 with deep transfer learning technique. Sustainability, 15(3), 1906. https://doi.org/10.3390/su15031906[23] Sujon, K. M., Hassan, R., Choi, K., & Samad, M. A. (2025). Accuracy, precision, recall, f1-score, or MCC? Empirical evi- dence from advanced statistics, ML…"
2026-hasan-classification-of-multi-crop-leaf-diseases,DOI,10.1186/s40537-025-01313-4,https://doi.org/10.1186/s40537-025-01313-4,"…or MCC? Empirical evi- dence from advanced statistics, ML, and XAI for evaluating business predictive models. Journal of Big Data, 12(1), 268. https://doi.org/10.1186/s40537-025-01313-4[24] Diallo, R., Edalo, C., & Awe, O. O. (2024). Machine learning evaluation of imbalanced health data: A comparative analysis of balanced accuracy, MCC, and F1…"
2026-hasan-classification-of-multi-crop-leaf-diseases,DOI,10.1007/978-3-031-72215-8_12,https://doi.org/10.1007/978-3-031-72215-8_12,"…acy, MCC, and F1 score. In Practical Sta- tistical Learning and Data Science Methods: Case Studies from LISA 2020 Global Network (pp. 283–312). https://doi.org/10.1007/978-3-031-72215-8_12[25] Zhang, P., Yang, L., & Li, D. (2020). EfficientNet-B4-Ranger: A novel method for greenhouse cucumber disease recognition under natural complex environment.…"
2026-hasan-classification-of-multi-crop-leaf-diseases,DOI,10.1016/j.compag.2020.105652,https://doi.org/10.1016/j.compag.2020.105652,"…method for greenhouse cucumber disease recognition under natural complex environment. Computers and Elec- tronics in Agriculture, 176, 105652. https://doi.org/10.1016/j.compag.2020.105652[26] Chen, H., Zhou, G., He, W., Duan, X., & Jiang, H. (2024). Classification and identification of agricultural prod- ucts based on improved MobileNetV2. Scien…"
2026-hasan-classification-of-multi-crop-leaf-diseases,DOI,10.1038/s41598-024-53349-wHow,https://doi.org/10.1038/s41598-024-53349-wHow,"…Jiang, H. (2024). Classification and identification of agricultural prod- ucts based on improved MobileNetV2. Scientific Reports, 14(1), 3454. https://doi.org/10.1038/s41598-024-53349-wHow to Cite: Hasan, M. M., Faruq, M. O., Musa, M. H., Rashid, M. M., & Uddin, K. M. M. (2026). Classification of Multi-Crop Leaf Diseases in Rice, Wheat, and Bean…"
2026-hasan-classification-of-multi-crop-leaf-diseases,DOI,10.47852/bonviewAIA62026239Pdf_Folio:1212,https://doi.org/10.47852/bonviewAIA62026239Pdf_Folio:1212,"…ication of Multi-Crop Leaf Diseases in Rice, Wheat, and Bean Using a Deep Transfer Learning Approach. Artificial Intelligence and Applications. https://doi.org/10.47852/bonviewAIA62026239Pdf_Folio:1212"
2026-hasan-classification-of-multi-crop-leaf-diseases,url,https://www.kaggle.com/datasets/nafishamoin/bangladeshi-crops-disease-dataset,https://www.kaggle.com/datasets/nafishamoin/bangladeshi-crops-disease-dataset,…of this study are openly available in the Bangladeshi Crops Disease Dataset at https://www.kaggle.com/datasets/nafishamoin/bangladeshi-crops-disease-dataset and the Bean Disease Dataset at https://www.kaggle.com/datasets/therealoise/bea…
2026-hasan-classification-of-multi-crop-leaf-diseases,url,https://www.kaggle.com/datasets/therealoise/bean-disease-dataset.Author,https://www.kaggle.com/datasets/therealoise/bean-disease-dataset.Author,"…s/nafishamoin/bangladeshi-crops-disease-dataset and the Bean Disease Dataset at https://www.kaggle.com/datasets/therealoise/bean-disease-dataset.Author Contribution Statement Md. Mahmudul Hasan: Conceptualization, Methodology, Visu…"
2026-uddin-explainable-ai-driven-clinical-decision-support,DOI,10.47852/bonviewAIA62028365,https://doi.org/10.47852/bonviewAIA62028365,"…mber 2025 | Revised: 3 April 2026 | Accepted: 3 June 2026 | Published online: 29 June 2026 Artificial Intelligence and Applications 2026, Vol. 00(00) 1–22 DOI: 10.47852/bonviewAIA62028365 RESEARCH ARTICLE Explainable AI-Driven Clinical Decision Support for Mortality Risk Stratification in Pediatric Respiratory Disorders Khandaker Mohammad Mohi U…"
2026-uddin-explainable-ai-driven-clinical-decision-support,DOI,10.1109/ACCESS.2024.3516045,https://doi.org/10.1109/ACCESS.2024.3516045,"…Using explainable machine learning methods to predict the survivability rate of pediatric respiratory diseases. IEEE Access, 12, 189515–189534. https://doi.org/10.1109/ACCESS.2024.3516045[2] Gan, H., Hou, X., Zhu, Z., Xue, M., Zhang, T., Huang, Z., . . . , & Sun, B. (2022). Smoking: A leading factor for the death of chronic respiratory diseases…"
2026-uddin-explainable-ai-driven-clinical-decision-support,DOI,10.1186/s12890-022-01944-w,https://doi.org/10.1186/s12890-022-01944-w,"…ing factor for the death of chronic respiratory diseases derived from Global Burden of Disease Study 2019. BMC Pulmonary Medicine, 22(1), 1–11. https://doi.org/10.1186/s12890-022-01944-w[3] Momtazmanesh, S., Moghaddam, S. S., Ghamari, S. H., Rad, E. M., Rezaei, N., Shobeiri, P., . . . , & Ibitoye, S. E. (2023). Global burden of chronic respirat…"
2026-uddin-explainable-ai-driven-clinical-decision-support,DOI,10.1016/j.eclinm.2023.101936,https://doi.org/10.1016/j.eclinm.2023.101936,"…hronic respiratory diseases and risk factors, 1990–2019: An update from the Global Burden of Disease Study 2019. EClinicalMedicine, 59, 101936. https://doi.org/10.1016/j.eclinm.2023.101936[4] Prithula, J., Chowdhury, M. E., Khan, M. S., Al-Ansari, K., Zughaier, S. M., Islam, K. R., & Alqahtani, A. (2024). Improved pediatric ICU mortality predicti…"
2026-uddin-explainable-ai-driven-clinical-decision-support,DOI,10.1186/s12931-024-02753-x,https://doi.org/10.1186/s12931-024-02753-x,"…pediatric ICU mortality prediction for respiratory diseases: Machine learning and data subdivision insights. Respiratory Research, 25(1), 1–16. https://doi.org/10.1186/s12931-024-02753-x[5] Eisenberg, M. A., & Balamuth, F. (2022). Pediatric sepsis screening in US hospitals. Pediatric Research, 91(2), 351–358. https://doi.org/10.1038/s41390-021-…"
2026-uddin-explainable-ai-driven-clinical-decision-support,DOI,10.1038/s41390-021-01708-yPdf_Folio:2020Artificial,https://doi.org/10.1038/s41390-021-01708-yPdf_Folio:2020Artificial,"…/s12931-024-02753-x[5] Eisenberg, M. A., & Balamuth, F. (2022). Pediatric sepsis screening in US hospitals. Pediatric Research, 91(2), 351–358. https://doi.org/10.1038/s41390-021-01708-yPdf_Folio:2020Artificial Intelligence and Applications Vol. 00 Iss. 00 2026 [6] Quadir, A., Festa, M., Gilchrist, M., Thompson, K., Pride, N., & Basu, S. (2024). Long-term follow-up in…"
2026-uddin-explainable-ai-driven-clinical-decision-support,DOI,10.3389/fped.2024.1430581,https://doi.org/10.3389/fped.2024.1430581,"…on, K., Pride, N., & Basu, S. (2024). Long-term follow-up in pediatric intensive care–A narrative review. Frontiers in Pediatrics, 12, 1430581. https://doi.org/10.3389/fped.2024.1430581[7] Balamuth, F., Scott, H. F., Weiss, S. L., Webb, M., Chamber- lain, J. M., Bajaj, L., . . . , & Alpern, E. R. (2022). Validation of the pediatric sequential…"
2026-uddin-explainable-ai-driven-clinical-decision-support,DOI,10.1001/jamapediatrics.2022.1301,https://doi.org/10.1001/jamapediatrics.2022.1301,"…tional consensus definitions for sep- sis and septic shock definitions in the pediatric emergency department. JAMA Pediatrics, 176(7), 672–678. https://doi.org/10.1001/jamapediatrics.2022.1301[8] Sanford Kobayashi, E., Waldman, B., Engorn, B. M., Perofsky, K., Allred, E., Briggs, B., . . . , & Coufal, N. G. (2022). Cost efficacy of rapid whole genome…"
2026-uddin-explainable-ai-driven-clinical-decision-support,DOI,10.3389/fped.2021.809536,https://doi.org/10.3389/fped.2021.809536,"…Coufal, N. G. (2022). Cost efficacy of rapid whole genome sequencing in the pediatric intensive care unit. Frontiers in Pediatrics, 9, 809536. https://doi.org/10.3389/fped.2021.809536[9] Yu, G., Yu, Z., Shi, Y., Wang, Y., Liu, X., Li, Z., . . . , & Shu, Q. (2021). Identification of pediatric respiratory diseases using a fine-grained diagnosi…"
2026-uddin-explainable-ai-driven-clinical-decision-support,DOI,10.1016/j.jbi.2021.103754,https://doi.org/10.1016/j.jbi.2021.103754,"…021). Identification of pediatric respiratory diseases using a fine-grained diagnosis system. Journal of Biomedi- cal Informatics, 117, 103754. https://doi.org/10.1016/j.jbi.2021.103754[10] Papakyritsi, D., Iosifidis, E., Kalamitsou, S., Chorafa, E., Volakli, E., Peña-López, Y., . . . , & Roilides, E. (2023). Epi- demiology and outcomes of ven…"
2026-uddin-explainable-ai-driven-clinical-decision-support,DOI,10.1017/ice.2022.97,https://doi.org/10.1017/ice.2022.97,"…ciated events in critically ill children: Evaluation of three different definitions. Infection Control & Hospital Epidemiology, 44(2), 216–221. https://doi.org/10.1017/ice.2022.97[11] Obajuluwa, A. M., Balogun, J. A., & Balogun, O. (2026). Fundamentals of radiology for physical therapists in low- and middle-income countries. In J. A. Bal…"
2026-uddin-explainable-ai-driven-clinical-decision-support,DOI,10.1007/978-3-031-86558-9_34,https://doi.org/10.1007/978-3-031-86558-9_34,"…- and middle-income countries. In J. A. Balogun (Ed.), Contemporary and global perspectives in physical therapy (pp. 1813–1843). Springer Cham. https://doi.org/10.1007/978-3-031-86558-9_34[12] Hucko, A., Weigel, R., Nizamov, F., & Black, M. (2025). Child and adolescent mortality in the WHO European Region: Concerning trends requiring urgent actio…"
2026-uddin-explainable-ai-driven-clinical-decision-support,DOI,10.1016/j.puhip.2025.100668,https://doi.org/10.1016/j.puhip.2025.100668,"…025). Child and adolescent mortality in the WHO European Region: Concerning trends requiring urgent action. Public Health in Practice, 10, 1–7. https://doi.org/10.1016/j.puhip.2025.100668[13] Saeed, W., & Omlin, C. (2023). Explainable AI (XAI): A systematic meta-survey of current challenges and future opportunities. Knowledge-Based Systems, 263,…"
2026-uddin-explainable-ai-driven-clinical-decision-support,DOI,10.1016/j.knosys.2023.110273,https://doi.org/10.1016/j.knosys.2023.110273,"…C. (2023). Explainable AI (XAI): A systematic meta-survey of current challenges and future opportunities. Knowledge-Based Systems, 263, 110273. https://doi.org/10.1016/j.knosys.2023.110273[14] Lötsch, J., Kringel, D., & Ultsch, A. (2021). Explainable arti- ficial intelligence (XAI) in biomedicine: Making AI decisions trustworthy for physicians an…"
2026-uddin-explainable-ai-driven-clinical-decision-support,DOI,10.3390/biomedinformatics2010001,https://doi.org/10.3390/biomedinformatics2010001,"…ble arti- ficial intelligence (XAI) in biomedicine: Making AI decisions trustworthy for physicians and patients. BioMedInformatics, 2(1), 1–17. https://doi.org/10.3390/biomedinformatics2010001[15] Gonem, S., Janssens, W., Das, N., & Topalovic, M. (2020). Applications of artificial intelligence and machine learning in respiratory medicine. Thorax, 75(…"
2026-uddin-explainable-ai-driven-clinical-decision-support,DOI,10.1136/thoraxjnl-2020-214556,https://doi.org/10.1136/thoraxjnl-2020-214556,"…Das, N., & Topalovic, M. (2020). Applications of artificial intelligence and machine learning in respiratory medicine. Thorax, 75(8), 695–701. https://doi.org/10.1136/thoraxjnl-2020-214556[16] Patel, D., Hall, G. L., Broadhurst, D., Smith, A., Schultz, A., & Foong, R. E. (2022). Does machine learning have a role in the prediction of asthma in chi…"
2026-uddin-explainable-ai-driven-clinical-decision-support,DOI,10.1016/j.prrv.2021.06.002,https://doi.org/10.1016/j.prrv.2021.06.002,"…., & Foong, R. E. (2022). Does machine learning have a role in the prediction of asthma in children? Paediatric Respiratory Reviews, 41, 51–60. https://doi.org/10.1016/j.prrv.2021.06.002[17] Dumbuya, J. S., Zeng, C., Deng, L., Li, Y., Chen, X., Ahmad, B., & Lu, J. (2025). The impact of rare diseases on the quality of life in paediatric patients…"
2026-uddin-explainable-ai-driven-clinical-decision-support,DOI,10.3389/fpubh.2025.1531583,https://doi.org/10.3389/fpubh.2025.1531583,"…. (2025). The impact of rare diseases on the quality of life in paediatric patients: Current status. Frontiers in Pub- lic Health, 13, 1531583. https://doi.org/10.3389/fpubh.2025.1531583[18] Ganatra, H. A. (2025). Machine learning in pediatric health- care: Current trends, challenges, and future directions. Journal of Clinical Medicine, 14(3),…"
2026-uddin-explainable-ai-driven-clinical-decision-support,DOI,10.3390/jcm14030807,https://doi.org/10.3390/jcm14030807,"…2025). Machine learning in pediatric health- care: Current trends, challenges, and future directions. Journal of Clinical Medicine, 14(3), 807. https://doi.org/10.3390/jcm14030807[19] Alanazi, A. (2022). Using machine learning for health- care challenges and opportunities. Informatics in Medicine Unlocked, 30, 100924. https://doi.org/10.…"
2026-uddin-explainable-ai-driven-clinical-decision-support,DOI,10.1016/j.imu.2022.100924,https://doi.org/10.1016/j.imu.2022.100924,"…807[19] Alanazi, A. (2022). Using machine learning for health- care challenges and opportunities. Informatics in Medicine Unlocked, 30, 100924. https://doi.org/10.1016/j.imu.2022.100924[20] Sarker, I. H. (2021). Machine learning: Algorithms, real-world applications and research directions. SN Computer Science, 2(3), 1–21. https://doi.org/10.10…"
2026-uddin-explainable-ai-driven-clinical-decision-support,DOI,10.1007/s42979-021-00592-x,https://doi.org/10.1007/s42979-021-00592-x,"…00924[20] Sarker, I. H. (2021). Machine learning: Algorithms, real-world applications and research directions. SN Computer Science, 2(3), 1–21. https://doi.org/10.1007/s42979-021-00592-x[21] Lee, S. W., Loh, S. W., Ong, C., & Lee, J. H. (2019). Perti- nent clinical outcomes in pediatric survivors of pediatric acute respiratory distress syndrome…"
2026-uddin-explainable-ai-driven-clinical-decision-support,DOI,10.21037/atm.2019.09.32,https://doi.org/10.21037/atm.2019.09.32,"…pediatric survivors of pediatric acute respiratory distress syndrome (PARDS): A narrative review. Annals of Translational Medicine, 7(19), 513. https://doi.org/10.21037/atm.2019.09.32[22] Lee, D., & Yoon, S. N. (2021). Application of artificial intelligence-based technologies in the healthcare industry: Opportunities and challenges. Internat…"
2026-uddin-explainable-ai-driven-clinical-decision-support,DOI,10.3390/ijerph18010271,https://doi.org/10.3390/ijerph18010271,"…gies in the healthcare industry: Opportunities and challenges. International Journal of Envi- ronmental Research and Public Health, 18(1), 271. https://doi.org/10.3390/ijerph18010271[23] Spathis, D., & Vlamos, P. (2019). Diagnosing asthma and chronic obstructive pulmonary disease with machine learning. Health Informatics Journal, 25(3), 811…"
2026-uddin-explainable-ai-driven-clinical-decision-support,DOI,10.1177/1460458217723169,https://doi.org/10.1177/1460458217723169,"…amos, P. (2019). Diagnosing asthma and chronic obstructive pulmonary disease with machine learning. Health Informatics Journal, 25(3), 811–827. https://doi.org/10.1177/1460458217723169[24] Aykanat, M., Kılıç, Ö., Kurt, B., & Saryal, S. B. (2020). Lung disease classification using machine learning algorithms. International Journal of Applied M…"
2026-uddin-explainable-ai-driven-clinical-decision-support,DOI,10.18100/ijamec.799363,https://doi.org/10.18100/ijamec.799363,"…isease classification using machine learning algorithms. International Journal of Applied Mathematics Electronics and Computers, 8(4), 125–132. https://doi.org/10.18100/ijamec.799363[25] Chang, T. H., Liu, Y. C., Lin, S. R., Chiu, P. H., Chou, C. C., Chang, L. Y., & Lai, F. P. (2023). Clinical char- acteristics of hospitalized children with…"
2026-uddin-explainable-ai-driven-clinical-decision-support,DOI,10.1016/j.jmii.2023.04.011,https://doi.org/10.1016/j.jmii.2023.04.011,"…g machine learn- ing approaches to support pathogen prediction at admission. Journal of Microbiology, Immunology and Infection, 56(4), 772–781. https://doi.org/10.1016/j.jmii.2023.04.011[26] Gramegna, A., & Giudici, P. (2021). SHAP and LIME: An evaluation of discriminative power in credit risk. Frontiers in Artificial Intelligence, 4, 752558. h…"
2026-uddin-explainable-ai-driven-clinical-decision-support,DOI,10.3389/frai.2021.752558,https://doi.org/10.3389/frai.2021.752558,"…A., & Giudici, P. (2021). SHAP and LIME: An evaluation of discriminative power in credit risk. Frontiers in Artificial Intelligence, 4, 752558. https://doi.org/10.3389/frai.2021.752558[27] Shah, N., Arshad, A., Mazer, M. B., Carroll, C. L., Shein, S. L., & Remy, K. E. (2023). The use of machine learning and artificial intelligence within pedi…"
2026-uddin-explainable-ai-driven-clinical-decision-support,DOI,10.1038/s41390-022-02380-6,https://doi.org/10.1038/s41390-022-02380-6,"…Remy, K. E. (2023). The use of machine learning and artificial intelligence within pediatric critical care. Pediatric Research, 93(2), 405–412. https://doi.org/10.1038/s41390-022-02380-6[28] Ma, Y., Liu, W., Huang, B., Tian, F., & Chen, G. (2024). EFGAN: An automatic GAN-based methodology for mining eddy-front coupling with fused remote sensing…"
2026-uddin-explainable-ai-driven-clinical-decision-support,DOI,10.1016/j.inffus.2023.101982,https://doi.org/10.1016/j.inffus.2023.101982,"…4). EFGAN: An automatic GAN-based methodology for mining eddy-front coupling with fused remote sensing data. Informa- tion Fusion, 101, 101982. https://doi.org/10.1016/j.inffus.2023.101982[29] Allgaier, J., & Pryss, R. (2024). Cross-validation visualized: A narrative guide to advanced methods. Machine Learning and Knowledge Extraction, 6(2), 1378…"
2026-uddin-explainable-ai-driven-clinical-decision-support,DOI,10.3390/make6020065,https://doi.org/10.3390/make6020065,"…yss, R. (2024). Cross-validation visualized: A narrative guide to advanced methods. Machine Learning and Knowledge Extraction, 6(2), 1378–1388. https://doi.org/10.3390/make6020065[30] Bowen, D., & Ungar, L. (2020). Generalized SHAP: Generat- ing multiple types of explanations in machine learning. arXiv Preprint: 2006.07155. [31] Tligui,…"
2026-uddin-explainable-ai-driven-clinical-decision-support,DOI,10.1016/j.dib.2024.110457Pdf_Folio:2121,https://doi.org/10.1016/j.dib.2024.110457Pdf_Folio:2121,"…024). Pediatric respiratory infections: Epidemiological and etiological data from a cohort of 801 Moroccan children. [Data set]. Mendeley Data. https://doi.org/10.1016/j.dib.2024.110457Pdf_Folio:2121 Artificial Intelligence and Applications Vol. 00 Iss. 00 2026 [32] Perikova, E. I., Filippova, M. G., Makarova, D. N., & Gnedykh, D. S. (2024). The benefits o…"
2026-uddin-explainable-ai-driven-clinical-decision-support,DOI,10.1007/s11055-024-01609-7,https://doi.org/10.1007/s11055-024-01609-7,"…Gnedykh, D. S. (2024). The benefits of labeling in fast mapping and explicit encoding. Neuroscience and Behavioral Physiology, 54(3), 424–433. https://doi.org/10.1007/s11055-024-01609-7[33] Elkari, B., Chaibi, Y., & Kousksou, T. (2024). Random forest with feature selection and K-fold cross validation for pre- dicting the electrical and thermal…"
2026-uddin-explainable-ai-driven-clinical-decision-support,DOI,10.1016/j.egyr.2024.07.002,https://doi.org/10.1016/j.egyr.2024.07.002,"…oss validation for pre- dicting the electrical and thermal efficiencies of air based photovoltaic-thermal systems. Energy Reports, 12, 988–999. https://doi.org/10.1016/j.egyr.2024.07.002[34] Talan, T. (2026). Effectiveness of machine learning meth- ods in predicting water potability: A comparative study. Water Resources Management, 40(1), 25. h…"
2026-uddin-explainable-ai-driven-clinical-decision-support,DOI,10.1007/s11269-025-04421-1,https://doi.org/10.1007/s11269-025-04421-1,"…(2026). Effectiveness of machine learning meth- ods in predicting water potability: A comparative study. Water Resources Management, 40(1), 25. https://doi.org/10.1007/s11269-025-04421-1[35] Abdumalikov, S., Kim, J., & Yoon, Y. (2024). Performance analysis and improvement of machine learning with various feature selection methods for EEG-based…"
2026-uddin-explainable-ai-driven-clinical-decision-support,DOI,10.3390/app142210511,https://doi.org/10.3390/app142210511,"…improvement of machine learning with various feature selection methods for EEG-based emotion classifica- tion. Applied Sciences, 14(22), 10511. https://doi.org/10.3390/app142210511[36] Iranzad, R., & Liu, X. (2025). A review of random forest-based feature selection methods for data science edu- cation and applications. International Journ…"
2026-uddin-explainable-ai-driven-clinical-decision-support,DOI,10.1007/s41060-024-00509-w,https://doi.org/10.1007/s41060-024-00509-w,"…feature selection methods for data science edu- cation and applications. International Journal of Data Sci- ence and Analytics, 20(2), 197–211. https://doi.org/10.1007/s41060-024-00509-w[37] Cheng, H., Wen, Z., Zhao, Y., Wu, Z., Ren, X., & Yue, Z. (2024). Effect and optimization of geometric parameters and arrangement on film cooling performanc…"
2026-uddin-explainable-ai-driven-clinical-decision-support,DOI,10.1016/j.icheatmasstransfer.2024.107868,https://doi.org/10.1016/j.icheatmasstransfer.2024.107868,"…rmance of fan-shaped holes based on generalized regression neural network. International Communications in Heat and Mass Transfer, 158, 107868. https://doi.org/10.1016/j.icheatmasstransfer.2024.107868[38] Tso, C. F., Lam, C., Calvert, J., & Mao, Q. (2022). Machine learning early prediction of respiratory syncytial virus in pedi- atric hospitalized patients.…"
2026-uddin-explainable-ai-driven-clinical-decision-support,DOI,10.3389/fped.2022.886212,https://doi.org/10.3389/fped.2022.886212,"…2). Machine learning early prediction of respiratory syncytial virus in pedi- atric hospitalized patients. Frontiers in Pediatrics, 10, 886212. https://doi.org/10.3389/fped.2022.886212[39] Lovri´c, M., Bani´c, I., Laci´c, E., Pavlovi´c, K., Kern, R., & Turkalj, M. (2021). Predicting treatment outcomes using explainable machine learning in chi…"
2026-uddin-explainable-ai-driven-clinical-decision-support,DOI,10.3390/children8050376,https://doi.org/10.3390/children8050376,"…Kern, R., & Turkalj, M. (2021). Predicting treatment outcomes using explainable machine learning in children with asthma. Children, 8(5), 376. https://doi.org/10.3390/children8050376[40] Amaral, J. L., Lopes, A. J., Jansen, J. M., Faria, A. C., & Melo, P. L. (2012). Machine learning algorithms and forced oscillation measurements applied to…"
2026-uddin-explainable-ai-driven-clinical-decision-support,DOI,10.1016/j.cmpb.2011.09.009How,https://doi.org/10.1016/j.cmpb.2011.09.009How,"…lied to the automatic identification of chronic obstructive pulmonary disease. Com- puter Methods and Programs in Biomedicine, 105(3), 183–193. https://doi.org/10.1016/j.cmpb.2011.09.009How to Cite: Uddin, K. M. M., Ansary, A., Uddin, N., & Bhuiyan, MT. A. (2026). Explainable AI-Driven Clinical Decision Support for Mortality Risk Stratification in…"
2026-uddin-explainable-ai-driven-clinical-decision-support,DOI,10.47852/bonviewAIA62028365Pdf_Folio:22,https://doi.org/10.47852/bonviewAIA62028365Pdf_Folio:22,…riven Clinical Decision Support for Mortality Risk Stratification in Pediatric Respiratory Disorders. Artificial Intelligence and Applications. https://doi.org/10.47852/bonviewAIA62028365Pdf_Folio:22 2
