Topic,Dataset Name,Source,Link,Link Type,File Format,Columns,Description,File Size
Antibiotic Resistance Prediction Using Patient Data,DRIAMS – Resistance to Antibiotics (MALDI-TOF Mass Spectra),Kaggle,DRIAMS - Resistance to Antibiotics | Kaggle,page,CSV / multi-file,"MALDI-TOF spectrum bins, species, antibiotic, resistance_label (S/R/I)","A large-scale database pairing MALDI-TOF mass spectra of bacterial isolates with antibiotic susceptibility test results, enabling ML models to predict resistance directly from mass-spectrometry patient data across multiple pathogens and antibiotics.",~6 GB
Antibiotic Resistance Prediction Using Patient Data,BacBench Antibiotic Resistance DNA (Genomic Sequences),Hugging Face,macwiatrak/bacbench-antibiotic-resistance-dna · Datasets at Hugging Face,page,Parquet,"genome_id, genome_dna_sequence, antibiotic, mic_value, binary_label (resistant/susceptible)","Whole bacterial genome DNA sequences extracted from GenBank, annotated with binary resistance/susceptibility labels and MIC regression values for 56 unique antimicrobials sourced from the AST Browser, intended as a multi-scale genomics benchmark.",~20 GB
Antibiotic Resistance Prediction Using Patient Data,Antimicrobial Resistance Data – European Surveillance,Kaggle,Antimicrobial resistance data,page,CSV,"country, year, microbe, antibiotic, resistance_rate, susceptibility_rate, n_isolates","Surveillance data covering resistance rates of 7 major microbes across 28 European countries over 3 years, useful for training models that predict regional resistance trends from epidemiological and clinical covariates.",< 5 MB
Antibiotic Resistance Prediction Using Patient Data,Antibiotic Resistance in Gonorrhoea – DNA Unitigs,Kaggle,https://www.kaggle.com/datasets/nwheeler443/gono-unitigs,page,CSV,"unitig_sequence, isolate_id, azithromycin_resistance, ceftriaxone_resistance, ciprofloxacin_resistance","Segments of Neisseria gonorrhoeae bacterial DNA (unitigs) paired with antibiotic resistance labels across multiple drug classes, enabling ML models to predict resistance phenotype from genomic sequence data.",~250 MB
Antibiotic Resistance Prediction Using Patient Data,ATLAS – Antimicrobial Testing Leadership and Surveillance Database,Zenodo,https://zenodo.org/records/7486150,page,CSV,"patient_id, country, year, pathogen, antibiotic, MIC_value, susceptibility_category, infection_source, age_group, sex","An open-access clinical MIC database comprising 6.5 million susceptibility measurements for over 3,900 pathogen-antibiotic pairs from 633,000 patients across 70 countries (2004–2017), making it the only large-scale open AMR dataset that includes patient metadata.",~2 GB
Drug-Drug Interaction Detection Using ML,Drug-Drug Interactions Dataset,Kaggle,Drug-Drug Interactions,page,CSV,"drug1_name, drug2_name, interaction_type, severity, mechanism, description","A curated collection of pairwise drug-drug interactions with interaction type labels, severity ratings, and mechanism descriptions, well-suited for building multi-class DDI classification models.",~10 MB
Drug-Drug Interaction Detection Using ML,DDinter – Drug-Drug Interactions Database,Kaggle,Drug-Drug Interactions Database DDinter,page,CSV,"drug_A, drug_B, level (minor/moderate/major/contraindicated), atc_code_A, atc_code_B, mechanism, clinical_consequence","The DDinter database of clinically reviewed pairwise drug interactions labelled by severity level (minor to contraindicated), enabling ML models to learn interaction classification from drug identity and ATC class features.",~15 MB
Drug-Drug Interaction Detection Using ML,ADE Corpus V2 – Adverse Drug Event & Relation Extraction,Hugging Face,https://huggingface.co/datasets/ade-benchmark-corpus/ade_corpus_v2,page,JSON,"text (sentence), label (ADE-related: True/False), drug, adverse_effect, drug_dose","A double-annotated benchmark corpus of medical case reports used for classifying sentences as ADE-related and for extracting drug-adverse effect and drug-dose relations, widely used as a standard NLP benchmark for pharmacovigilance.",~5 MB
Drug-Drug Interaction Detection Using ML,DrugBank Multi-Typed DDI (via DD100 Benchmark),Hugging Face,IDEA-AI4S/DD100 · Datasets at Hugging Face,page,Parquet,"drug1_smiles, drug2_smiles, drug1_name, drug2_name, interaction_type, label","A multi-task drug discovery benchmark covering 100+ tasks including DrugBank multi-typed DDI, TWOSIDES polypharmacy side effects, and CYP450 interactions, designed for evaluating LLMs and ML models on pharmacological reasoning.",~500 MB
Drug-Drug Interaction Detection Using ML,TWOSIDES – Polypharmacy Drug-Drug Side Effects,Zenodo,https://zenodo.org/records/55664,page,CSV,"drug1_rxcui, drug2_rxcui, drug1_name, drug2_name, side_effect_cui, side_effect_name, proportional_reporting_ratio","A canonical polypharmacy side-effect dataset extracted from the FDA Adverse Event Reporting System, documenting statistically significant drug-drug side effects for 645 drugs and over 63,000 interacting pairs, widely used as a DDI ML benchmark.",~200 MB
Chemotherapy Response Prediction,TCGA Chemotherapy Response Dataset,Zenodo,https://zenodo.org/records/3719291,page,CSV,"patient_id, cancer_type, drug_name, clinical_response (CR/PR/SD/PD), gene_expression_features, tumor_immunome_features, staging","Chemotherapy response data for TCGA cancer patients cross-referenced with the TCIA immunome database, covering 5 common agents (FOLFOX, 5FU, Oxaliplatin, Carboplatin, Cisplatin) for colorectal and lung cancer, integrating clinical, genomic, and immunological features.",2.0 MB
Chemotherapy Response Prediction,Genomics of Drug Sensitivity in Cancer (GDSC),Kaggle,https://www.kaggle.com/datasets/samiraalipour/genomics-of-drug-sensitivity-in-cancer-gdsc,page,CSV,"cell_line_name, cancer_type, drug_name, IC50, AUC, gene_expression, copy_number_variation, somatic_mutation, drug_SMILES","Large-scale pharmacogenomic profiling of 1,000+ cancer cell lines tested against hundreds of anti-cancer drugs, providing IC50 and AUC drug sensitivity values alongside genomic features, making it the most widely used benchmark for drug response prediction models.",~500 MB
Chemotherapy Response Prediction,Cancer Cell Line Encyclopedia (CCLE),Kaggle,https://www.kaggle.com/datasets/samiraalipour/cancer-cell-line-encyclopedia-ccle,page,CSV,"cell_line_name, tissue_type, drug_name, EC50, ActArea, gene_expression, mutation_data, copy_number_data","Broad Institute pharmacogenomic profiling of ~1,000 cancer cell lines measuring drug activity (EC50, ActArea) for 24 anti-cancer compounds alongside comprehensive genomic characterization, used widely for chemotherapy sensitivity and resistance modelling.",~1.2 GB
Chemotherapy Response Prediction,Breast Cancer Neoadjuvant Chemotherapy Response (GEO Curated),Kaggle,https://www.kaggle.com/datasets/nisargdoshi/breast-cancer-dataset-with-chemotherapy-response,page,CSV,"patient_id, age, tumor_size, grade, hormone_receptor_status, HER2_status, treatment_regimen, pCR_response (0/1), gene_expression_features","Patient-level breast cancer dataset containing clinical variables, biomarkers, and neoadjuvant chemotherapy regimen details labelled with pathological complete response (pCR), suitable for binary treatment-response classification models.",~50 MB
Chemotherapy Response Prediction,NCI-60 Human Tumor Cell Line Drug Sensitivity,Zenodo,https://zenodo.org/records/4302924,page,CSV,"cell_line_name, cancer_type, drug_name, GI50, LC50, TGI, gene_expression, protein_expression, microRNA","The NCI's pioneering panel of 60 genomically characterized human tumor cell lines screened against over 21,000 compounds, providing GI50/LC50 growth inhibition data alongside multi-omics profiles, used as the historical benchmark for cancer drug response prediction.",~800 MB
Adverse Drug Reaction Classification from Clinical Records,ADE Corpus V2 – Drug Adverse Effect Classification,Hugging Face,https://huggingface.co/datasets/ade-benchmark-corpus/ade_corpus_v2,page,JSON,"sentence, ade_label (True/False), drug_entity, adverse_effect_entity, drug_dose",A systematically double-annotated corpus of medical case reports for classifying sentences as ADE-related and extracting drug-adverse effect/dose relations; widely regarded as the standard NLP benchmark for adverse drug reaction detection from clinical text.,~5 MB
Adverse Drug Reaction Classification from Clinical Records,PsyTAR – Psychiatric Treatment Adverse Reactions,Hugging Face,bigbio/psytar · Datasets at Hugging Face,page,JSON,"review_id, drug_name, sentence, label (ADR/WD/SSI/DI/EF/INF/Other), named_entity, patient_demographics, treatment_duration, satisfaction_score","Patient-generated narratives from an online health forum about four psychiatric medications (Zoloft, Lexapro, Cymbalta, Effexor XR), annotated for adverse reactions, withdrawal symptoms, drug effectiveness, and drug indications across 6,009 sentences.",~2 MB
Adverse Drug Reaction Classification from Clinical Records,FDA Adverse Pharmaceutical Events (FAERS),Kaggle,Adverse Pharmaceuticals Events,page,CSV,"primaryid, drug_name, reaction_meddra, outcome, serious, reporter_country, age, sex, weight, indication, route_of_administration","FDA's official Adverse Event Reporting System (FAERS) data published on Kaggle, containing millions of post-market adverse event reports with drug names, MedDRA-coded reactions, patient demographics, and outcome severity indicators.",~4 GB
Adverse Drug Reaction Classification from Clinical Records,SPL-ADR-200db – FDA Drug Labels Annotated for ADRs,Hugging Face,bigbio/spl_adr_200db · Datasets at Hugging Face,page,JSON,"drug_name, spl_section, mention_text, adr_term, umls_cui, meddra_code, normalized_adr","FDA-NLM collaborative pilot dataset of 200 FDA-approved drug Structured Product Labels manually annotated for adverse drug reactions at the mention level, then normalized to UMLS and MedDRA, containing 5,098 distinct ADRs for NLP model training.",~10 MB
Adverse Drug Reaction Classification from Clinical Records,n2c2 2018 Track 2 – ADE Extraction from Clinical Narratives,Hugging Face,bigbio/n2c2_2018_track2 · Datasets at Hugging Face,page,JSON,"doc_id, text (clinical note), medication_entity, ade_entity, severity, relation_type, dosage, route, frequency","Clinical discharge summaries annotated for medication information and adverse drug events (ADE) extraction as part of the 2018 n2c2 NLP shared task, supporting concept extraction, relation classification, and end-to-end ADE detection from raw clinical text.",~50 MB